window_number,query_registered_at,first_data_received_at,expected_window_close,last_chunk_received_at,interval_trigger_at,result_emitted_at,latency_from_query_reg_ms,latency_from_data_start_ms,interval_wait_ms,computation_ms,result_value
1,1766062876516,1766062911187,1766062996516,1766062941099,1766062941099,1766062941467,-55049,-89720,0,368,4.234195
1,1766063316746,1766063351424,1766063436746,1766063381328,1766063381328,1766063381704,-55042,-89720,0,376,-10.768810104744398
1,1766064244241,1766064275754,1766064364241,1766064305629,1766064305629,1766064306124,-58117,-89630,0,495,-10.768810104744398
2,1766064244241,1766064275754,1766064424241,1766064365641,1766064424279,1766064424314,73,-31440,58638,35,-13.170493911111112
3,1766064244241,1766064275754,1766064484241,1766064575779,1766064575779,1766064575783,91542,60029,0,4,-13.016210866519172
4,1766064244241,1766064275754,1766064544241,1766064635615,1766064664272,1766064664286,120045,88532,28657,14,-12.68233845636883
5,1766064244241,1766064275754,1766064604241,1766064725748,1766064725748,1766064725759,121518,90005,0,11,-11.002390672506502
6,1766064244241,1766064275754,1766064664241,1766064785790,1766064785790,1766064785794,121553,90040,0,4,-9.856456384841437
1,1766064799124,1766064815625,1766064919124,1766064845760,1766064859158,1766064859562,-59562,-76063,13398,404,-11.198064436458333
7,1766064244241,1766064275754,1766064724241,1766064860616,1766064860616,1766064860630,136389,104876,0,14,-10.953981657421377
8,1766064244241,1766064275754,1766064784241,1766064920629,1766064920629,1766064920634,136393,104880,0,5,-11.225611383103407
2,1766064799124,1766064815625,1766064979124,1766064920629,1766064920629,1766064920643,-58481,-74982,0,14,-11.225611383103407
9,1766064244241,1766064275754,1766064844241,1766064920643,1766065024278,1766065024288,180047,148534,103635,10,-14.241453261922269
10,1766064244241,1766064275754,1766064904241,1766065547892,1766065547892,1766065547898,643657,612144,0,6,-15.484935422043009
3,1766064799124,1766064815625,1766065039124,1766065547892,1766065547892,1766065547901,508777,492276,0,9,-15.484935422043009
1,1766065405592,1766065578111,1766065525592,1766065578111,1766065578111,1766065578482,52890,-119629,0,371,54.821810714583336
4,1766064799124,1766064815625,1766065099124,1766065610745,1766065610745,1766065610751,511627,495126,0,6,-11.208645125850692
11,1766064244241,1766064275754,1766064964241,1766065610745,1766065610745,1766065610751,646510,614997,0,6,-11.208645125850692
2,1766065405592,1766065578111,1766065585592,1766065638119,1766065645630,1766065645637,60045,-112474,7511,7,53.8798556160014
5,1766064799124,1766064815625,1766065159124,1766065674579,1766065674579,1766065674585,515461,498960,0,6,-11.067955172570489
12,1766064244241,1766064275754,1766065024241,1766065674579,1766065674579,1766065674585,650344,618831,0,6,-11.067955172570489
3,1766065405592,1766065578111,1766065645592,1766065728075,1766065728075,1766065728085,82493,-90026,0,10,54.79730455617862
13,1766064244241,1766064275754,1766065084241,1766065730801,1766065744287,1766065744292,660051,628538,13486,5,-12.48555386283457
6,1766064799124,1766064815625,1766065219124,1766065745656,1766065745656,1766065745666,526542,510041,0,10,-12.488921652225326
4,1766065405592,1766065578111,1766065705592,1766065788121,1766065788121,1766065788125,82533,-89986,0,4,55.43450921447963
14,1766064244241,1766064275754,1766065144241,1766065805640,1766065805640,1766065805644,661403,629890,0,4,-11.371664989139553
7,1766064799124,1766064815625,1766065279124,1766065805648,1766065819171,1766065819180,540056,523555,13523,9,-12.49910822744854
1,1766065799669,1766065831338,1766065919669,1766065831339,1766065859702,1766065860077,-59592,-91261,28363,375,54.821810714583336
15,1766064244241,1766064275754,1766065204241,1766065865716,1766065865716,1766065865724,661483,629970,0,8,-11.838059789294125
8,1766064799124,1766064815625,1766065339124,1766065880790,1766065880790,1766065880801,541677,525176,0,11,-11.568269343845945
2,1766065799669,1766065831338,1766065979669,1766065921248,1766065921242,1766065921255,-58414,-90083,-6,13,58.965614470335055
9,1766064799124,1766064815625,1766065399124,1766065954738,1766065954738,1766065954751,555627,539126,0,13,-13.715839596802054
16,1766064244241,1766064275754,1766065264241,1766065954745,1766065954739,1766065954753,690512,658999,-6,14,-13.715839596802054
3,1766065799669,1766065831338,1766066039669,1766066011351,1766066011343,1766066011356,-28313,-59982,-8,13,41.489293820233975
17,1766064244241,1766064275754,1766065324241,1766066000788,1766066044302,1766066044319,720078,688565,43514,17,-11.986679145211834
10,1766064799124,1766064815625,1766065459124,1766066000788,1766066059188,1766066059204,600080,583579,58400,16,-11.986679145211834
4,1766065799669,1766065831338,1766066099669,1766066011358,1766066099719,1766066099739,70,-31599,88361,20,50.93453895625
11,1766064799124,1766064815625,1766065519124,1766066122071,1766066122071,1766066122076,602952,586451,0,5,-10.91439788320158
18,1766064244241,1766064275754,1766065384241,1766066122071,1766066122071,1766066122078,737837,706324,0,7,-10.91439788320158
1,1766065955257,1766065985718,1766066075257,1766066135551,1766066135551,1766066135914,60657,30196,0,363,84.5
5,1766065799669,1766065831338,1766066159669,1766066161219,1766066161216,1766066161221,1552,-30117,-3,5,19.238379075999074
1,1766066122567,1766066135551,1766066242567,1766066165742,1766066182611,1766066182968,-59599,-72583,16869,357,97.83333333333333
19,1766064244241,1766064275754,1766065444241,1766066195667,1766066195667,1766066195672,751431,719918,0,5,-11.821005703314215
12,1766064799124,1766064815625,1766065579124,1766066195670,1766066195667,1766066195672,616548,600047,-3,5,-11.821005703314215
2,1766065955257,1766065985718,1766066135257,1766066212979,1766066212979,1766066212988,77731,47270,0,9,108.76923076923077
6,1766065799669,1766065831338,1766066219669,1766066221280,1766066221280,1766066221287,1618,-30051,0,7,35.64109978421239
20,1766064244241,1766064275754,1766065504241,1766066210723,1766066284305,1766066284320,780079,748566,73582,15,-11.976444125157563
13,1766064799124,1766064815625,1766065639124,1766066210723,1766066299192,1766066299212,660088,643587,88469,20,-12.313936614449116
2,1766066122567,1766066135551,1766066302567,1766066212979,1766066302613,1766066302629,62,-12922,89634,16,119.5
3,1766065955257,1766065985718,1766066195257,1766066212988,1766066315326,1766066315339,120082,89621,102338,13,119.75
7,1766065799669,1766065831338,1766066279669,1766066221288,1766066339723,1766066339736,60067,28398,118435,13,52.67183580672268
8,1766065799669,1766065831338,1766066339669,1766066591050,1766066591050,1766066591059,251390,219721,0,9,-5.606487583333333
4,1766065955257,1766065985718,1766066255257,1766066591120,1766066591120,1766066591126,335869,305408,0,6,70.5
3,1766066122567,1766066135551,1766066362567,1766066591121,1766066591121,1766066591128,228561,215577,0,7,70.5
14,1766064799124,1766064815625,1766065699124,1766066591128,1766066591128,1766066591133,892009,875508,0,5,-13.725922284126986
21,1766064244241,1766064275754,1766065564241,1766066591128,1766066591128,1766066591133,1026892,995379,0,5,-13.725922284126986
15,1766064799124,1766064815625,1766065759124,1766066645811,1766066659201,1766066659246,900122,883621,13390,45,-11.605536634079744
22,1766064244241,1766064275754,1766065624241,1766066660662,1766066660662,1766066660668,1036427,1004914,0,6,-10.676113270501535
4,1766066122567,1766066135551,1766066422567,1766066645578,1766066662619,1766066662625,240058,227074,17041,6,87.41666666666667
5,1766065955257,1766065985718,1766066315257,1766066662931,1766066662931,1766066662947,347690,317229,0,16,89.92307692307692
9,1766065799669,1766065831338,1766066399669,1766066671214,1766066671208,1766066671219,271550,239881,-6,11,34.87322773589744
16,1766064799124,1766064815625,1766065819124,1766066720646,1766066720646,1766066720656,901532,885031,0,10,-13.358411532410463
5,1766066122567,1766066135551,1766066482567,1766066722916,1766066722916,1766066722931,240364,227380,0,15,115
6,1766065955257,1766065985718,1766066375257,1766066722916,1766066735333,1766066735341,360084,329623,12417,8,113.875
23,1766064244241,1766064275754,1766065684241,1766066735697,1766066735697,1766066735701,1051460,1019947,0,4,-13.592357015863753
10,1766065799669,1766065831338,1766066459669,1766066731156,1766066759732,1766066759746,300077,268408,28576,14,50.586254682665874
6,1766066122567,1766066135551,1766066542567,1766066782930,1766066782930,1766066782938,240371,227387,0,8,114.05882352941177
24,1766064244241,1766064275754,1766065744241,1766066795862,1766066795862,1766066795868,1051627,1020114,0,6,-13.315767307279954
7,1766065955257,1766065985718,1766066435257,1766066795857,1766066795857,1766066795871,360614,330153,0,14,113.33333333333333
17,1766064799124,1766064815625,1766065879124,1766066795862,1766066795862,1766066795871,916747,900246,0,9,-13.315767307279954
11,1766065799669,1766065831338,1766066519669,1766066821375,1766066821369,1766066821380,301711,270042,-6,11,55.285841370817174
7,1766066122567,1766066135551,1766066602567,1766066844325,1766066844325,1766066844335,241768,228784,0,10,115.2
25,1766064244241,1766064275754,1766065804241,1766066870840,1766066870837,1766066870843,1066602,1035089,-3,6,-13.56778723947807
18,1766064799124,1766064815625,1766065939124,1766066870837,1766066870837,1766066870851,931727,915226,0,14,-13.56778723947807
8,1766065955257,1766065985718,1766066495257,1766066872817,1766066872817,1766066872828,377571,347110,0,11,113.73333333333333
12,1766065799669,1766065831338,1766066579669,1766066881404,1766066881404,1766066881413,301744,270075,0,9,54.65024540847744
1,1766066842813,1766066844329,1766066962813,1766066885718,1766066902849,1766066903373,-59440,-60956,17131,524,110.4
8,1766066122567,1766066135551,1766066662567,1766066915519,1766066915519,1766066915524,252957,239973,0,5,115.0952380952381
9,1766065955257,1766065985718,1766066555257,1766066932851,1766066932851,1766066932856,377599,347138,0,5,114.57894736842105
26,1766064244241,1766064275754,1766065864241,1766066930610,1766066944318,1766066944323,1080082,1048569,13708,5,-12.42489023595474
19,1766064799124,1766064815625,1766065999124,1766066945711,1766066945711,1766066945720,946596,930095,0,9,-11.345007878575812
2,1766066842813,1766066844329,1766067022813,1766066964324,1766066964313,1766066964389,-58424,-59940,-11,76,115.8
13,1766065799669,1766065831338,1766066639669,1766066941155,1766066999743,1766066999759,360090,328421,58588,16,53.66473330908029
20,1766064799124,1766064815625,1766066059124,1766066960744,1766067019208,1766067019225,960101,943600,58464,17,-12.939347061008402
9,1766066122567,1766066135551,1766066722567,1766066964313,1766067022627,1766067022646,300079,287095,58314,19,119.375
10,1766065955257,1766065985718,1766066615257,1766066964313,1766067035339,1766067035356,420099,389638,71026,17,119.33333333333333
27,1766064244241,1766064275754,1766065924241,1766066960744,1766067064320,1766067064346,1140105,1108592,103576,26,-14.058988488953082
11,1766065955257,1766065985718,1766066675257,1766067146788,1766067146788,1766067146804,471547,441086,0,16,6
10,1766066122567,1766066135551,1766066782567,1766067146788,1766067146788,1766067146805,364238,351254,0,17,6
3,1766066842813,1766066844329,1766067082813,1766067146789,1766067146789,1766067146806,63993,62477,0,17,6
28,1766064244241,1766064275754,1766065984241,1766067146830,1766067146830,1766067146837,1162596,1131083,0,7,-15.34478567379679
21,1766064799124,1766064815625,1766066119124,1766067146830,1766067146830,1766067146838,1027714,1011213,0,8,-15.34478567379679
14,1766065799669,1766065831338,1766066699669,1766067146875,1766067146875,1766067146882,447213,415544,0,7,40.025872776315786
15,1766065799669,1766065831338,1766066759669,1766067211325,1766067211323,1766067211327,451658,419989,-2,4,39.4129513347509
12,1766065955257,1766065985718,1766066735257,1766067204299,1766067215343,1766067215351,480094,449633,11044,8,77.33333333333333
29,1766064244241,1766064275754,1766066044241,1766067215612,1766067215612,1766067215616,1171375,1139862,0,4,-11.180010186024314
22,1766064799124,1766064815625,1766066179124,1766067215612,1766067215612,1766067215618,1036494,1019993,0,6,-11.180010186024314
4,1766066842813,1766066844329,1766067142813,1766067215614,1766067215614,1766067215620,72807,71291,0,6,79.52631578947368
11,1766066122567,1766066135551,1766066842567,1766067215614,1766067215614,1766067215621,373054,360070,0,7,79.52631578947368
16,1766065799669,1766065831338,1766066819669,1766067273389,1766067273386,1766067273391,453722,422053,-3,5,57.6609187664458
13,1766065955257,1766065985718,1766066795257,1766067275579,1766067275579,1766067275585,480328,449867,0,6,116.26086956521739
30,1766064244241,1766064275754,1766066104241,1766067275620,1766067275620,1766067275626,1171385,1139872,0,6,-12.216853193158773
23,1766064799124,1766064815625,1766066239124,1766067275620,1766067275620,1766067275627,1036503,1020002,0,7,-12.216853193158773
5,1766066842813,1766066844329,1766067202813,1766067292919,1766067292919,1766067292927,90114,88598,0,8,115.6086956521739
12,1766066122567,1766066135551,1766066902567,1766067292919,1766067292919,1766067292927,390360,377376,0,8,115.6086956521739
14,1766065955257,1766065985718,1766066855257,1766067335677,1766067335677,1766067335682,480425,449964,0,5,113.47826086956522
31,1766064244241,1766064275754,1766066164241,1766067335686,1766067335686,1766067335690,1171449,1139936,0,4,-11.851214833229458
24,1766064799124,1766064815625,1766066299124,1766067335686,1766067335686,1766067335691,1036567,1020066,0,5,-11.851214833229458
6,1766066842813,1766066844329,1766067262813,1766067352977,1766067352978,1766067352983,90170,88654,1,5,113.70833333333333
13,1766066122567,1766066135551,1766066962567,1766067352977,1766067352977,1766067352987,390420,377436,0,10,113.70833333333333
17,1766065799669,1766065831338,1766066879669,1766067331372,1766067359751,1766067359758,480089,448420,28379,7,50.58425525833049
32,1766064244241,1766064275754,1766066224241,1766067400021,1766067400021,1766067400026,1175785,1144272,0,5,-11.24117393970301
15,1766065955257,1766065985718,1766066915257,1766067400020,1766067400020,1766067400028,484771,454310,0,8,115.21739130434783
25,1766064799124,1766064815625,1766066359124,1766067400020,1766067400021,1766067400030,1040906,1024405,1,9,-11.24117393970301
14,1766066122567,1766066135551,1766067022567,1766067414270,1766067414270,1766067414277,391710,378726,0,7,115.91304347826087
7,1766066842813,1766066844329,1766067322813,1766067414271,1766067414271,1766067414279,91466,89950,0,8,115.91304347826087
18,1766065799669,1766065831338,1766066939669,1766067421315,1766067421310,1766067421319,481650,449981,-5,9,56.51454221152769
1,1766067398569,1766067400021,1766067518569,1766067455746,1766067458605,1766067459071,-59498,-60950,2859,466,-11.69887144870466
33,1766064244241,1766064275754,1766066284241,1766067460048,1766067460048,1766067460055,1175814,1144301,0,7,-11.569103956947629
26,1766064799124,1766064815625,1766066419124,1766067460048,1766067460048,1766067460066,1040942,1024441,0,18,-11.569103956947629
16,1766065955257,1766065985718,1766066975257,1766067472852,1766067472852,1766067472863,497606,467145,0,11,113.58333333333333
15,1766066122567,1766066135551,1766067082567,1766067474346,1766067474346,1766067474351,391784,378800,0,5,113.34782608695652
8,1766066842813,1766066844329,1766067382813,1766067474346,1766067474346,1766067474356,91543,90027,0,10,113.34782608695652
19,1766065799669,1766065831338,1766066999669,1766067511119,1766067511119,1766067511127,511458,479789,0,8,54.59783129270096
2,1766067398569,1766067400021,1766067578569,1766067519958,1766067519958,1766067519972,-58597,-60049,0,14,-11.863031354007871
27,1766064799124,1766064815625,1766066479124,1766067520217,1766067520217,1766067520230,1041106,1024605,0,13,-12.378262987458777
34,1766064244241,1766064275754,1766066344241,1766067520217,1766067520217,1766067520237,1175996,1144483,0,20,-12.378262987458777
16,1766066122567,1766066135551,1766067142567,1766067515699,1766067562636,1766067562654,420087,407103,46937,18,119.33333333333333
9,1766066842813,1766066844329,1766067442813,1766067515699,1766067562862,1766067562881,120068,118552,47163,19,119.33333333333333
17,1766065955257,1766065985718,1766067035257,1766067515699,1766067575348,1766067575366,540109,509648,59649,18,119.28571428571429
20,1766065799669,1766065831338,1766067059669,1766067511157,1766067599755,1766067599774,540105,508436,88598,19,52.79662814915967
35,1766064244241,1766064275754,1766066404241,1766067520217,1766067604329,1766067604347,1200106,1168593,84112,18,-13.98829652892703
28,1766064799124,1766064815625,1766066539124,1766067520217,1766067619218,1766067619231,1080107,1063606,99001,13,-14.23116168471965
29,1766064799124,1766064815625,1766066599124,1766085334996,1766085334996,1766085335002,18735878,18719377,0,6,-15.561449803571426
36,1766064244241,1766064275754,1766066464241,1766085334996,1766085334996,1766085335004,18870763,18839250,0,8,-15.561449803571426
3,1766067398569,1766067400021,1766067638569,1766085334996,1766085334996,1766085335006,17696437,17694985,0,10,-15.561449803571426
21,1766065799669,1766065831338,1766067119669,1766085335016,1766085335016,1766085335022,18215353,18183684,0,6,11.76638591666667
10,1766066842813,1766066844329,1766067502813,1766085335028,1766085335028,1766085335034,17832221,17830705,0,6,43.5
17,1766066122567,1766066135551,1766067202567,1766085335029,1766085335029,1766085335035,18132468,18119484,0,6,43.5
18,1766065955257,1766065985718,1766067095257,1766085335028,1766085335028,1766085335035,18239778,18209317,0,7,43.5
30,1766064799124,1766064815625,1766066659124,1766085395601,1766085395601,1766085395608,18736484,18719983,0,7,-11.435836422265083
18,1766066122567,1766066135551,1766067262567,1766085395601,1766085395601,1766085395609,18133042,18120058,0,8,76.47368421052632
11,1766066842813,1766066844329,1766067562813,1766085395601,1766085395601,1766085395610,17832797,17831281,0,9,76.47368421052632
37,1766064244241,1766064275754,1766066524241,1766085395602,1766085395602,1766085395610,18871369,18839856,0,8,-11.435836422265083
19,1766065955257,1766065985718,1766067155257,1766085395602,1766085395602,1766085395612,18240355,18209894,0,10,76.47368421052632
4,1766067398569,1766067400021,1766067698569,1766085395601,1766085395601,1766085395613,17697044,17695592,0,12,-11.435836422265083
22,1766065799669,1766065831338,1766067179669,1766085391322,1766085403259,1766085403267,18223598,18191929,11937,8,37.71453834184533
38,1766064244241,1766064275754,1766066584241,1766085455730,1766085455730,1766085455739,18871498,18839985,0,9,-11.17678874132363
12,1766066842813,1766066844329,1766067622813,1766085455731,1766085455731,1766085455740,17832927,17831411,0,9,111.3913043478261
20,1766065955257,1766065985718,1766067215257,1766085455731,1766085455731,1766085455742,18240485,18210024,0,11,111.3913043478261
5,1766067398569,1766067400021,1766067758569,1766085455730,1766085455730,1766085455742,17697173,17695721,0,12,-11.17678874132363
31,1766064799124,1766064815625,1766066719124,1766085455730,1766085455730,1766085455745,18736621,18720120,0,15,-11.17678874132363
19,1766066122567,1766066135551,1766067322567,1766085455731,1766085455731,1766085455746,18133179,18120195,0,15,111.3913043478261
23,1766065799669,1766065831338,1766067239669,1766085481281,1766085481281,1766085481290,18241621,18209952,0,9,56.09530693034081
39,1766064244241,1766064275754,1766066644241,1766085500669,1766085515749,1766085515763,18871522,18840009,15080,14,-12.675324413443809
21,1766065955257,1766065985718,1766067275257,1766085515835,1766085515835,1766085515841,18240584,18210123,0,6,113.47826086956522
13,1766066842813,1766066844329,1766067682813,1766085515835,1766085515835,1766085515842,17833029,17831513,0,7,113.47826086956522
20,1766066122567,1766066135551,1766067382567,1766085515835,1766085515835,1766085515844,18133277,18120293,0,9,113.47826086956522
32,1766064799124,1766064815625,1766066779124,1766085515844,1766085515844,1766085515851,18736727,18720226,0,7,-12.08465142213953
6,1766067398569,1766067400021,1766067818569,1766085515844,1766085515845,1766085515857,17697288,17695836,1,12,-12.08465142213953
24,1766065799669,1766065831338,1766067299669,1766085541404,1766085541404,1766085541412,18241743,18210074,0,8,55.700530331675765
40,1766064244241,1766064275754,1766066704241,1766085575823,1766085575823,1766085575831,18871590,18840077,0,8,-12.370646976679234
33,1766064799124,1766064815625,1766066839124,1766085575824,1766085576346,1766085576362,18737238,18720737,522,16,-12.370646976679234
22,1766065955257,1766065985718,1766067335257,1766085575615,1766085576856,1766085576873,18241616,18211155,1241,17,113.5
21,1766066122567,1766066135551,1766067442567,1766085575615,1766085577041,1766085577067,18134500,18121516,1426,26,113.5
14,1766066842813,1766066844329,1766067742813,1766085575615,1766085577116,1766085577131,17834318,17832802,1501,15,113.5
7,1766067398569,1766067400021,1766067878569,1766085580122,1766085580122,1766085580132,17701563,17700111,0,10,-11.845774833410383
25,1766065799669,1766065831338,1766067359669,1766085631120,1766085631120,1766085631125,18271456,18239787,0,5,54.485300489012815
34,1766064799124,1766064815625,1766066899124,1766085640184,1766085640184,1766085640188,18741064,18724563,0,4,-13.206133397104015
8,1766067398569,1766067400021,1766067938569,1766085640184,1766085640184,1766085640189,17701620,17700168,0,5,-13.206133397104015
41,1766064244241,1766064275754,1766066764241,1766085640184,1766085640184,1766085640189,18875948,18844435,0,5,-13.206133397104015
22,1766066122567,1766066135551,1766067502567,1766085652780,1766085652780,1766085652785,18150218,18137234,0,5,113.72
15,1766066842813,1766066844329,1766067802813,1766085652780,1766085652780,1766085652785,17849972,17848456,0,5,113.72
23,1766065955257,1766065985718,1766067395257,1766085652780,1766085652780,1766085652791,18257534,18227073,0,11,113.72
26,1766065799669,1766065831338,1766067419669,1766085691274,1766085691274,1766085691283,18271614,18239945,0,9,54.621464704587865
9,1766067398569,1766067400021,1766067998569,1766085700059,1766085701104,1766085701122,17702553,17701101,1045,18,-12.352823757778486
42,1766064244241,1766064275754,1766066824241,1766085700059,1766085755755,1766085755775,18931534,18900021,55696,20,-12.777793275520207
35,1766064799124,1766064815625,1766066959124,1766085700059,1766085756352,1766085756366,18797242,18780741,56293,14,-12.777793275520207
24,1766065955257,1766065985718,1766067455257,1766085695547,1766085756861,1766085756869,18301612,18271151,61314,8,119.16666666666667
23,1766066122567,1766066135551,1766067562567,1766085695547,1766085757046,1766085757065,18194498,18181514,61499,19,119.16666666666667
16,1766066842813,1766066844329,1766067862813,1766085695547,1766085757122,1766085757144,17894331,17892815,61575,22,119.16666666666667
27,1766065799669,1766065831338,1766067479669,1766085691284,1766085763269,1766085763286,18283617,18251948,71985,17,53.15536364996498
10,1766067398569,1766067400021,1766068058569,1766088386378,1766088386378,1766088386387,20327818,20326366,0,9,-15.397711387762763
43,1766064244241,1766064275754,1766066884241,1766088386378,1766088386378,1766088386387,21502146,21470633,0,9,-15.397711387762763
36,1766064799124,1766064815625,1766067019124,1766088386379,1766088386379,1766088386389,21367265,21350764,0,10,-15.397711387762763
28,1766065799669,1766065831338,1766067539669,1766088386404,1766088386404,1766088386410,20846741,20815072,0,6,28.40132465277778
25,1766065955257,1766065985718,1766067515257,1766088386412,1766088386412,1766088386424,20871167,20840706,0,12,80
24,1766066122567,1766066135551,1766067622567,1766088386412,1766088386412,1766088386424,20763857,20750873,0,12,80
17,1766066842813,1766066844329,1766067922813,1766088386413,1766088386413,1766088386426,20463613,20462097,0,13,80
29,1766065799669,1766065831338,1766067599669,1766088451205,1766088451205,1766088451210,20851541,20819872,0,5,36.06408501995619
11,1766067398569,1766067400021,1766068118569,1766088455752,1766088455752,1766088455758,20337189,20335737,0,6,-11.442397642063
44,1766064244241,1766064275754,1766066944241,1766088455752,1766088455752,1766088455759,21511518,21480005,0,7,-11.442397642063
37,1766064799124,1766064815625,1766067079124,1766088455752,1766088455752,1766088455761,21376637,21360136,0,9,-11.442397642063
18,1766066842813,1766066844329,1766067982813,1766088455765,1766088455765,1766088455771,20472958,20471442,0,6,98.10526315789474
25,1766066122567,1766066135551,1766067682567,1766088455765,1766088455765,1766088455771,20773204,20760220,0,6,98.10526315789474
26,1766065955257,1766065985718,1766067575257,1766088455765,1766088455765,1766088455774,20880517,20850056,0,9,98.10526315789474
30,1766065799669,1766065831338,1766067659669,1766088512948,1766088512948,1766088512952,20853283,20821614,0,4,57.500030210310285
45,1766064244241,1766064275754,1766067004241,1766088515748,1766088515814,1766088515820,21511579,21480066,66,6,-12.234134547155374
38,1766064799124,1766064815625,1766067139124,1766088515748,1766088516413,1766088516435,21377311,21360810,665,22,-12.234134547155374
27,1766065955257,1766065985718,1766067635257,1766088515757,1766088516922,1766088516947,20881690,20851229,1165,25,115.66666666666667
26,1766066122567,1766066135551,1766067742567,1766088515757,1766088517107,1766088517125,20774558,20761574,1350,18,115.66666666666667
19,1766066842813,1766066844329,1766068042813,1766088515757,1766088517189,1766088517200,20474387,20472871,1432,11,115.66666666666667
12,1766067398569,1766067400021,1766068178569,1766088520003,1766088520003,1766088520009,20341440,20339988,0,6,-11.703473864019164
46,1766064244241,1766064275754,1766067064241,1766088580128,1766088580128,1766088580134,21515893,21484380,0,6,-12.039861359479056
39,1766064799124,1766064815625,1766067199124,1766088580128,1766088580128,1766088580134,21381010,21364509,0,6,-12.039861359479056
13,1766067398569,1766067400021,1766068238569,1766088580128,1766088580128,1766088580139,20341570,20340118,0,11,-12.039861359479056
31,1766065799669,1766065831338,1766067719669,1766088571321,1766088583327,1766088583344,20863675,20832006,12006,17,50.64296529586035
28,1766065955257,1766065985718,1766067695257,1766088592957,1766088592957,1766088592962,20897705,20867244,0,5,113.30434782608695
20,1766066842813,1766066844329,1766068102813,1766088592957,1766088592957,1766088592963,20490150,20488634,0,6,113.30434782608695
27,1766066122567,1766066135551,1766067802567,1766088592957,1766088592957,1766088592963,20790396,20777412,0,6,113.30434782608695
14,1766067398569,1766067400021,1766068298569,1766088620614,1766088641168,1766088641190,20342621,20341169,20554,22,-12.069351032832884
47,1766064244241,1766064275754,1766067124241,1766088620614,1766088695818,1766088695836,21571595,21540082,75204,18,-13.08770129560224
40,1766064799124,1766064815625,1766067259124,1766088620614,1766088696418,1766088696439,21437315,21420814,75804,21,-13.08770129560224
29,1766065955257,1766065985718,1766067755257,1766088624481,1766088696927,1766088696935,20941678,20911217,72446,8,119.4
28,1766066122567,1766066135551,1766067862567,1766088624481,1766088697111,1766088697125,20834558,20821574,72630,14,119.4
21,1766066842813,1766066844329,1766068162813,1766088624481,1766088697195,1766088697206,20534393,20532877,72714,11,119.4
32,1766065799669,1766065831338,1766067779669,1766088631174,1766088703330,1766088703336,20923667,20891998,72156,6,52.45903943802521
1,1766091535196,1766091566913,1766091655196,1766091596766,1766091596766,1766091597214,-57982,-89699,0,448,-10.767084449790795
1,1766091277226,1766091566913,1766091397226,1766091596766,1766091596766,1766091597214,199988,-89699,0,448,-10.767084449790795
1,1766089486272,1766091566913,1766089606272,1766091596766,1766091596766,1766091597214,1990942,-89699,0,448,-10.767084449790795
1,1766091006080,1766091566913,1766091126080,1766091596766,1766091596766,1766091597218,471138,-89695,0,452,-10.767084449790795
2,1766091006080,1766091566913,1766091186080,1766091656814,1766091666131,1766091666150,480070,-80763,9317,19,-12.465099666317991
2,1766091277226,1766091566913,1766091457226,1766091656814,1766091697279,1766091697316,240090,-49597,40465,37,-13.171933553072625
2,1766089486272,1766091566913,1766089666272,1766091656814,1766091706352,1766091706388,2040116,-40525,49538,36,-13.171933553072625
2,1766091535196,1766091566913,1766091715196,1766091656814,1766091715236,1766091715264,68,-31649,58422,28,-13.171933553072625
3,1766091006080,1766091566913,1766091246080,1766091836654,1766091836654,1766091836661,590581,29748,0,7,-10.632902425531915
3,1766091277226,1766091566913,1766091517226,1766091836654,1766091836654,1766091836661,319435,29748,0,7,-10.632902425531915
3,1766091535196,1766091566913,1766091775196,1766091836654,1766091836654,1766091836662,61466,29749,0,8,-10.632902425531915
3,1766089486272,1766091566913,1766089726272,1766091836654,1766091836654,1766091836663,2110391,29750,0,9,-10.632902425531915
1,1766091824223,1766091825600,1766091944223,1766091866860,1766091884261,1766091884711,-59512,-60889,17401,450,-10.588291846689895
4,1766091006080,1766091566913,1766091306080,1766091866860,1766091906128,1766091906149,600069,39236,39268,21,-10.588291846689895
4,1766091277226,1766091566913,1766091577226,1766091866860,1766091937281,1766091937316,360090,70403,70421,35,-10.588291846689895
4,1766089486272,1766091566913,1766089786272,1766091866860,1766091946353,1766091946382,2160110,79469,79493,29,-10.534303214788734
4,1766091535196,1766091566913,1766091835196,1766091866860,1766091955235,1766091955265,120069,88352,88375,30,-10.534303214788734
5,1766091535196,1766091566913,1766091895196,1766092598735,1766092598735,1766092598750,703554,671837,0,15,-11.63579081081081
5,1766091277226,1766091566913,1766091637226,1766092598737,1766092598737,1766092598750,961524,671837,0,13,-11.63579081081081
5,1766089486272,1766091566913,1766089846272,1766092598735,1766092598735,1766092598750,2752478,671837,0,15,-11.63579081081081
5,1766091006080,1766091566913,1766091366080,1766092598735,1766092598735,1766092598752,1232672,671839,0,17,-11.63579081081081
2,1766091824223,1766091825600,1766092004223,1766092598735,1766092598735,1766092598758,594535,593158,0,23,-11.63579081081081
3,1766091824223,1766091825600,1766092064223,1766092646876,1766092664273,1766092664286,600063,598686,17397,13,-10.875072344202898
6,1766091277226,1766091566913,1766091697226,1766092665831,1766092665831,1766092665840,968614,678927,0,9,-9.451246526927138
6,1766091006080,1766091566913,1766091426080,1766092665831,1766092665831,1766092665842,1239762,678929,0,11,-9.451246526927138
6,1766091535196,1766091566913,1766091955196,1766092665831,1766092665831,1766092665843,710647,678930,0,12,-9.451246526927138
6,1766089486272,1766091566913,1766089906272,1766092665831,1766092665831,1766092665845,2759573,678932,0,14,-9.451246526927138
7,1766089486272,1766091566913,1766089966272,1766092725927,1766092725927,1766092725944,2759672,679031,0,17,-11.365900374551972
7,1766091277226,1766091566913,1766091757226,1766092725930,1766092725930,1766092725944,968718,679031,0,14,-11.365900374551972
7,1766091006080,1766091566913,1766091486080,1766092725930,1766092725930,1766092725948,1239868,679035,0,18,-11.365900374551972
7,1766091535196,1766091566913,1766092015196,1766092725930,1766092725930,1766092725955,710759,679042,0,25,-11.365900374551972
4,1766091824223,1766091825600,1766092124223,1766092725930,1766092725930,1766092725956,601733,600356,0,26,-11.365900374551972
8,1766089486272,1766091566913,1766090026272,1766092785805,1766092786366,1766092786398,2760126,679485,561,32,-12.461845565049614
8,1766091535196,1766091566913,1766092075196,1766092785805,1766092795250,1766092795259,720063,688346,9445,9,-12.461845565049614
8,1766091006080,1766091566913,1766091546080,1766092796801,1766092796801,1766092796809,1250729,689896,0,8,-11.543762547759433
8,1766091277226,1766091566913,1766091817226,1766092796801,1766092796801,1766092796811,979585,689898,0,10,-11.543762547759433
5,1766091824223,1766091825600,1766092184223,1766092796801,1766092796801,1766092796815,612592,611215,0,14,-11.543762547759433
9,1766091535196,1766091566913,1766092135196,1766092856654,1766092856654,1766092856661,721465,689748,0,7,-13.2396689841756
9,1766089486272,1766091566913,1766090086272,1766092856654,1766092856654,1766092856661,2770389,689748,0,7,-13.2396689841756
9,1766091006080,1766091566913,1766091606080,1766092856654,1766092866152,1766092866168,1260088,699255,9498,16,-12.547012789163091
9,1766091277226,1766091566913,1766091877226,1766092875775,1766092875775,1766092875791,998565,708878,0,16,-13.433896337398375
6,1766091824223,1766091825600,1766092244223,1766092875776,1766092875776,1766092875792,631569,630192,0,16,-13.433896337398375
1,1766092850643,1766092856654,1766092970643,1766092905661,1766092910681,1766092911098,-59545,-65556,5020,417,-11.208240632486389
10,1766091535196,1766091566913,1766092195196,1766092916727,1766092916727,1766092916737,721541,689824,0,10,-11.543105701035197
10,1766089486272,1766091566913,1766090146272,1766092916727,1766092916727,1766092916739,2770467,689826,0,12,-11.543105701035197
10,1766091277226,1766091566913,1766091937226,1766092935836,1766092935836,1766092935843,998617,708930,0,7,-11.246665546875
10,1766091006080,1766091566913,1766091666080,1766092935836,1766092935836,1766092935848,1269768,708935,0,12,-11.246665546875
7,1766091824223,1766091825600,1766092304223,1766092935847,1766092935836,1766092935849,631626,630249,-11,13,-11.246665546875
2,1766092850643,1766092856654,1766093030643,1766092972289,1766092972276,1766092972289,-58354,-64365,-13,13,-11.602214798493412
11,1766091535196,1766091566913,1766092255196,1766092990672,1766092990665,1766092990673,735477,703760,-7,8,-11.752474421444527
11,1766089486272,1766091566913,1766090206272,1766092990674,1766092990665,1766092990675,2784403,703762,-9,10,-11.752474421444527
8,1766091824223,1766091825600,1766092364223,1766093002145,1766093002145,1766093002158,637935,636558,0,13,-12.365280826593807
11,1766091277226,1766091566913,1766091997226,1766093002145,1766093002145,1766093002160,1004934,715247,0,15,-12.365280826593807
11,1766091006080,1766091566913,1766091726080,1766093002145,1766093002145,1766093002161,1276081,715248,0,16,-12.365280826593807
3,1766092850643,1766092856654,1766093090643,1766093032314,1766093032314,1766093032321,-58322,-64333,0,7,-13.521861272570938
12,1766091535196,1766091566913,1766092315196,1766093055675,1766093055675,1766093055683,740487,708770,0,8,-12.11392255901831
12,1766089486272,1766091566913,1766090266272,1766093055675,1766093055675,1766093055683,2789411,708770,0,8,-12.11392255901831
9,1766091824223,1766091825600,1766092424223,1766093062238,1766093062230,1766093062240,638017,636640,-8,10,-11.956069187840997
12,1766091006080,1766091566913,1766091786080,1766093062230,1766093062230,1766093062241,1276161,715328,0,11,-11.956069187840997
12,1766091277226,1766091566913,1766092057226,1766093062230,1766093062230,1766093062244,1005018,715331,0,14,-11.956069187840997
4,1766092850643,1766092856654,1766093150643,1766093092348,1766093092340,1766093092349,-58294,-64305,-8,9,-13.039333285340314
13,1766091535196,1766091566913,1766092375196,1766093115903,1766093115890,1766093115904,740708,708991,-13,14,-12.636801206656582
13,1766089486272,1766091566913,1766090326272,1766093115904,1766093115890,1766093115905,2789633,708992,-14,15,-12.636801206656582
13,1766091006080,1766091566913,1766091846080,1766093122352,1766093122342,1766093122354,1276274,715441,-10,12,-12.593625707034482
10,1766091824223,1766091825600,1766092484223,1766093122359,1766093122342,1766093122359,638136,636759,-17,17,-12.593625707034482
13,1766091277226,1766091566913,1766092117226,1766093122358,1766093122342,1766093122360,1005134,715447,-16,18,-12.593625707034482
5,1766092850643,1766092856654,1766093210643,1766093152353,1766093152353,1766093152366,-58277,-64288,0,13,-12.891781938427842
14,1766091006080,1766091566913,1766091906080,1766093182363,1766093182363,1766093182426,1276346,715513,0,63,-11.741294776667308
14,1766089486272,1766091566913,1766090386272,1766093182433,1766093182364,1766093182437,2796165,715524,-69,73,-11.741294776667308
14,1766091277226,1766091566913,1766092177226,1766093182364,1766093182364,1766093182441,1005215,715528,0,77,-11.741294776667308
14,1766091535196,1766091566913,1766092435196,1766093182440,1766093182379,1766093182448,747252,715535,-61,69,-11.741294776667308
11,1766091824223,1766091825600,1766092544223,1766093182364,1766093182364,1766093182449,638226,636849,0,85,-11.741294776667308
1,1766093131385,1766093145723,1766093251385,1766093186935,1766093191459,1766093191978,-59407,-73745,4524,519,-12.471473923887974
6,1766092850643,1766092856654,1766093270643,1766093216957,1766093216932,1766093216960,-53683,-59694,-25,28,-12.278981310540233
15,1766091535196,1766091566913,1766092495196,1766093247301,1766093247301,1766093247392,752196,720479,0,91,-12.428193648873073
15,1766091277226,1766091566913,1766092237226,1766093247301,1766093247301,1766093247399,1010173,720486,0,98,-12.428193648873073
12,1766091824223,1766091825600,1766092604223,1766093247407,1766093247302,1766093247422,643199,641822,-105,120,-12.428193648873073
15,1766091006080,1766091566913,1766091966080,1766093247301,1766093247301,1766093247423,1281343,720510,0,122,-12.428193648873073
15,1766089486272,1766091566913,1766090446272,1766093247300,1766093247300,1766093247436,2801164,720523,0,136,-12.428193648873073
2,1766093131385,1766093145723,1766093311385,1766093265878,1766093265878,1766093265908,-45477,-59815,0,30,-12.525507555428572
7,1766092850643,1766092856654,1766093330643,1766093281767,1766093281767,1766093281850,-48793,-54804,0,83,-13.052491723492349
1,1766093243071,1766093247307,1766093363071,1766093302434,1766093303122,1766093303997,-59074,-63310,688,875,-12.094445654233025
16,1766091006080,1766091566913,1766092026080,1766093311655,1766093311655,1766093311684,1285604,724771,0,29,-12.106985619623105
16,1766091535196,1766091566913,1766092555196,1766093311655,1766093311655,1766093311698,756502,724785,0,43,-12.106985619623105
16,1766089486272,1766091566913,1766090506272,1766093311655,1766093311655,1766093311717,2805445,724804,0,62,-12.106985619623105
16,1766091277226,1766091566913,1766092297226,1766093311655,1766093311655,1766093311721,1014495,724808,0,66,-12.106985619623105
13,1766091824223,1766091825600,1766092664223,1766093311660,1766093311660,1766093311745,647522,646145,0,85,-12.106985619623105
3,1766093131385,1766093145723,1766093371385,1766093332207,1766093332207,1766093332224,-39161,-53499,0,17,-11.96262298526077
8,1766092850643,1766092856654,1766093390643,1766093355732,1766093355732,1766093355747,-34896,-40907,0,15,-12.83445532862697
2,1766093243071,1766093247307,1766093423071,1766093366637,1766093366637,1766093366677,-56394,-60630,0,40,-12.246817971317073
17,1766091277226,1766091566913,1766092357226,1766093366810,1766093377299,1766093377321,1020095,730408,10489,22,-12.489912297845374
14,1766091824223,1766091825600,1766092724223,1766093366810,1766093384293,1766093384342,660119,658742,17483,49,-12.489912297845374
17,1766089486272,1766091566913,1766090566272,1766093366810,1766093386371,1766093386405,2820133,739492,19561,34,-12.470592245053957
17,1766091535196,1766091566913,1766092615196,1766093366810,1766093395260,1766093395294,780098,748381,28450,34,-12.566753160516129
17,1766091006080,1766091566913,1766092086080,1766093366810,1766093406157,1766093406187,1320107,759274,39347,30,-12.806263417691154
4,1766093131385,1766093145723,1766093431385,1766093366810,1766093431463,1766093431503,118,-14220,64653,40,-13.538535907298657
9,1766092850643,1766092856654,1766093450643,1766093366810,1766093450693,1766093450720,77,-5934,83883,27,-13.921026123624934
3,1766093243071,1766093247307,1766093483071,1766093366810,1766093483124,1766093483137,66,-4170,116314,13,-14.515813554393306
1,1766094146704,1766094178234,1766094266704,1766094208119,1766094208119,1766094208648,-58056,-89586,0,529,-10.767084449790795
2,1766094146704,1766094178234,1766094326704,1766094268151,1766094326747,1766094326777,73,-31457,58596,30,-13.171933553072625
3,1766094146704,1766094178234,1766094386704,1766094598224,1766094598224,1766094598236,211532,180002,0,12,-12.166843874999998
4,1766094146704,1766094178234,1766094446704,1766094658304,1766094658304,1766094658315,211611,180081,0,11,-10.910581653144016
5,1766094146704,1766094178234,1766094506704,1766094718147,1766094746756,1766094746779,240075,208545,28609,23,-12.506074051362683
6,1766094146704,1766094178234,1766094566704,1766094808119,1766094808119,1766094808130,241426,209896,0,11,-10.99767939656816
7,1766094146704,1766094178234,1766094626704,1766094868163,1766094868163,1766094868168,241464,209934,0,5,-12.64694135748792
8,1766094146704,1766094178234,1766094686704,1766094928234,1766094928234,1766094928241,241537,210007,0,7,-14.580109994019137
9,1766094146704,1766094178234,1766094746704,1766094997243,1766094997243,1766094997257,250553,219023,0,14,-10.186682165377176
1,1766094965717,1766094988148,1766095085717,1766095018288,1766095025755,1766095026145,-59572,-82003,7467,390,-10.74339163367799
10,1766094146704,1766094178234,1766094806704,1766095057334,1766095057334,1766095057344,250640,219110,0,10,-12.512609953042329
2,1766094965717,1766094988148,1766095145717,1766095087197,1766095087197,1766095087218,-58499,-80930,0,21,-13.234696311250714
11,1766094146704,1766094178234,1766094866704,1766095138209,1766095138209,1766095138221,271517,239987,0,12,-12.498133183246074
3,1766094965717,1766094988148,1766095205717,1766095138209,1766095205757,1766095205792,75,-22356,67548,35,-12.098197163522014
12,1766094146704,1766094178234,1766094926704,1766095138223,1766095226765,1766095226791,300087,268557,88542,26,-11.251848821229052
4,1766094965717,1766094988148,1766095265717,1766095886504,1766095886504,1766095886510,620793,598362,0,6,-10.821877717532468
13,1766094146704,1766094178234,1766094986704,1766095886504,1766095886504,1766095886510,899806,868276,0,6,-10.821877717532468
14,1766094146704,1766094178234,1766095046704,1766095927219,1766095946777,1766095946785,900081,868551,19558,8,-10.639012373303167
5,1766094965717,1766094988148,1766095325717,1766095948106,1766095948106,1766095948118,622401,599970,0,12,-12.12281097906281
15,1766094146704,1766094178234,1766095106704,1766096008201,1766096008201,1766096008207,901503,869973,0,6,-13.211673533618582
6,1766094965717,1766094988148,1766095385717,1766096008201,1766096008201,1766096008208,622491,600060,0,7,-13.211673533618582
16,1766094146704,1766094178234,1766095166704,1766096068320,1766096068320,1766096068326,901622,870092,0,6,-13.358337031843575
7,1766094965717,1766094988148,1766095445717,1766096068323,1766096068320,1766096068327,622610,600179,-3,7,-13.358337031843575
17,1766094146704,1766094178234,1766095226704,1766096137243,1766096137243,1766096137250,910546,879016,0,7,-11.681445862919132
8,1766094965717,1766094988148,1766095505717,1766096137255,1766096137243,1766096137255,631538,609107,-12,12,-11.681445862919132
18,1766094146704,1766094178234,1766095286704,1766096197259,1766096197259,1766096197265,910561,879031,0,6,-11.819049399885913
9,1766094965717,1766094988148,1766095565717,1766096197259,1766096197259,1766096197266,631549,609118,0,7,-11.819049399885913
10,1766094965717,1766094988148,1766095625717,1766096278216,1766096278213,1766096278222,652505,630074,-3,9,-12.022276571512652
19,1766094146704,1766094178234,1766095346704,1766096278213,1766096278213,1766096278225,931521,899991,0,12,-12.022276571512652
11,1766094965717,1766094988148,1766095685717,1766096338271,1766096338268,1766096338276,652559,630128,-3,8,-13.471675084916201
20,1766094146704,1766094178234,1766095406704,1766096338272,1766096338268,1766096338277,931573,900043,-4,9,-13.471675084916201
12,1766094965717,1766094988148,1766095745717,1766096405170,1766096405170,1766096405179,659462,637031,0,9,-12.09386934892942
21,1766094146704,1766094178234,1766095466704,1766096405175,1766096405172,1766096405181,938477,906947,-3,9,-12.09386934892942
13,1766094965717,1766094988148,1766095805717,1766096458320,1766096465778,1766096465799,660082,637651,7458,21,-10.830956934294871
22,1766094146704,1766094178234,1766095526704,1766096467139,1766096467139,1766096467145,940441,908911,0,6,-10.977213139423077
23,1766094146704,1766094178234,1766095586704,1766096527223,1766096527223,1766096527229,940525,908995,0,6,-11.178504784846732
14,1766094965717,1766094988148,1766095865717,1766096527223,1766096527223,1766096527234,661517,639086,0,11,-11.178504784846732
15,1766094965717,1766094988148,1766095925717,1766096587303,1766096587297,1766096587303,661586,639155,-6,6,-11.813339470555244
24,1766094146704,1766094178234,1766095646704,1766096587297,1766096587297,1766096587304,940600,909070,0,7,-11.813339470555244
25,1766094146704,1766094178234,1766095706704,1766096647078,1766096666793,1766096666819,960115,928585,19715,26,-12.466658268664563
16,1766094965717,1766094988148,1766095985717,1766096668301,1766096668302,1766096668312,682595,660164,1,10,-11.6207830224341
26,1766094146704,1766094178234,1766095766704,1766096728270,1766096728261,1766096728270,961566,930036,-9,9,-11.690553138029781
17,1766094965717,1766094988148,1766096045717,1766096737092,1766096737092,1766096737103,691386,668955,0,11,-12.76656842982005
18,1766094965717,1766094988148,1766096105717,1766096797185,1766096797185,1766096797192,691475,669044,0,7,-10.206894512123004
27,1766094146704,1766094178234,1766095826704,1766096797185,1766096797185,1766096797192,970488,938958,0,7,-10.206894512123004
28,1766094146704,1766094178234,1766095886704,1766096857292,1766096857292,1766096857298,970594,939064,0,6,-11.711478331463825
19,1766094965717,1766094988148,1766096165717,1766096857292,1766096857292,1766096857299,691582,669151,0,7,-11.711478331463825
29,1766094146704,1766094178234,1766095946704,1766096917301,1766096917301,1766096917312,970608,939078,0,11,-12.478362367314766
20,1766094965717,1766094988148,1766096225717,1766096917301,1766096917301,1766096917313,691596,669165,0,12,-12.478362367314766
30,1766094146704,1766094178234,1766096006704,1766096998049,1766096998049,1766096998056,991352,959822,0,7,-11.69191203663366
21,1766094965717,1766094988148,1766096285717,1766096998050,1766096998050,1766096998064,712347,689916,0,14,-11.69191203663366
22,1766094965717,1766094988148,1766096345717,1766097058236,1766097058236,1766097058244,712527,690096,0,8,-11.033127502767528
31,1766094146704,1766094178234,1766096066704,1766097058243,1766097058236,1766097058244,991540,960010,-7,8,-11.033127502767528
1,1766097015387,1766097028268,1766097135387,1766097067303,1766097075421,1766097075817,-59570,-72451,8118,396,-10.62436900181653
32,1766094146704,1766094178234,1766096126704,1766097118291,1766097118291,1766097118297,991593,960063,0,6,-11.380336582938389
23,1766094965717,1766094988148,1766096405717,1766097118303,1766097118291,1766097118304,712587,690156,-12,13,-11.380336582938389
2,1766097015387,1766097028268,1766097195387,1766097136880,1766097136880,1766097136900,-58487,-71368,0,20,-11.322450116138763
24,1766094965717,1766094988148,1766096465717,1766097178083,1766097185796,1766097185813,720096,697665,7713,17,-12.497583214584788
33,1766094146704,1766094178234,1766096186704,1766097187145,1766097187135,1766097187146,1000442,968912,-10,11,-11.944736619765495
3,1766097015387,1766097028268,1766097255387,1766097196960,1766097196951,1766097196960,-58427,-71308,-9,9,-11.97078707509219
34,1766094146704,1766094178234,1766096246704,1766097247169,1766097247169,1766097247176,1000472,968942,0,7,-13.045737610120131
25,1766094965717,1766094988148,1766096525717,1766097247181,1766097247169,1766097247181,721464,699033,-12,12,-13.045737610120131
4,1766097015387,1766097028268,1766097315387,1766097256974,1766097256974,1766097256981,-58406,-71287,0,7,-12.472063829030008
35,1766094146704,1766094178234,1766096306704,1766097307225,1766097307217,1766097307226,1000522,968992,-8,9,-13.096158397743814
26,1766094965717,1766094988148,1766096585717,1766097307217,1766097307217,1766097307230,721513,699082,0,13,-13.096158397743814
5,1766097015387,1766097028268,1766097375387,1766097307217,1766097375425,1766097375449,62,-12819,68208,24,-12.161599910041842
36,1766094146704,1766094178234,1766096366704,1766097307225,1766097386808,1766097386841,1020137,988607,79583,33,-11.68158327006689
27,1766094965717,1766094988148,1766096645717,1766097470825,1766097470825,1766097470831,825114,802683,0,6,-10.53420775
37,1766094146704,1766094178234,1766096426704,1766097470825,1766097470825,1766097470831,1044127,1012597,0,6,-10.53420775
6,1766097015387,1766097028268,1766097435387,1766097470826,1766097470826,1766097470832,35445,22564,0,6,-10.53420775
28,1766094965717,1766094988148,1766096705717,1766097538240,1766097538240,1766097538259,832542,810111,0,19,-9.92659042739565
38,1766094146704,1766094178234,1766096486704,1766097538259,1766097538240,1766097538261,1051557,1020027,-19,21,-9.92659042739565
7,1766097015387,1766097028268,1766097495387,1766097538240,1766097538240,1766097538261,42874,29993,0,21,-9.92659042739565
29,1766094965717,1766094988148,1766096765717,1766097598173,1766097605804,1766097605825,840108,817677,7631,21,-12.332064012114538
8,1766097015387,1766097028268,1766097555387,1766097607257,1766097607249,1766097607257,51870,38989,-8,8,-11.825355978621452
39,1766094146704,1766094178234,1766096546704,1766097607249,1766097607249,1766097607260,1060556,1029026,0,11,-11.825355978621452
40,1766094146704,1766094178234,1766096606704,1766098079282,1766098079282,1766098079288,1472584,1441054,0,6,-11.829001262500002
9,1766097015387,1766097028268,1766097615387,1766098079282,1766098079282,1766098079288,463901,451020,0,6,-11.829001262500002
30,1766094965717,1766094988148,1766096825717,1766098079282,1766098079282,1766098079289,1253572,1231141,0,7,-11.829001262500002
41,1766094146704,1766094178234,1766096666704,1766098214010,1766098213999,1766098214015,1547311,1515781,-11,16,-10.198739444444444
10,1766097015387,1766097028268,1766097675387,1766098214009,1766098214000,1766098214016,538629,525748,-9,16,-10.198739444444444
31,1766094965717,1766094988148,1766096885717,1766098214018,1766098214001,1766098214021,1328304,1305873,-17,20,-10.198739444444444
42,1766094146704,1766094178234,1766096726704,1766098277093,1766098277093,1766098277100,1550396,1518866,0,7,-9.562095758450123
11,1766097015387,1766097028268,1766097735387,1766098277093,1766098277093,1766098277100,541713,528832,0,7,-9.562095758450123
32,1766094965717,1766094988148,1766096945717,1766098277093,1766098277093,1766098277103,1331386,1308955,0,10,-9.562095758450123
33,1766094965717,1766094988148,1766097005717,1766098348295,1766098348288,1766098348295,1342578,1320147,-7,7,-11.823784618675596
12,1766097015387,1766097028268,1766097795387,1766098348296,1766098348288,1766098348296,552909,540028,-8,8,-11.823784618675596
43,1766094146704,1766094178234,1766096786704,1766098348288,1766098348288,1766098348299,1561595,1530065,0,11,-11.823784618675596
44,1766094146704,1766094178234,1766096846704,1766098408327,1766098408321,1766098408327,1561623,1530093,-6,6,-11.993695551160137
13,1766097015387,1766097028268,1766097855387,1766098408321,1766098408321,1766098408330,552943,540062,0,9,-11.993695551160137
34,1766094965717,1766094988148,1766097065717,1766098408321,1766098408321,1766098408330,1342613,1320182,0,9,-11.993695551160137
1,1766098383753,1766098387175,1766098503753,1766098438247,1766098443789,1766098444170,-59583,-63005,5542,381,-10.735989968688845
45,1766094146704,1766094178234,1766096906704,1766098475263,1766098475254,1766098475264,1568560,1537030,-9,10,-10.718699512781955
35,1766094965717,1766094988148,1766097125717,1766098475264,1766098475254,1766098475265,1349548,1327117,-10,11,-10.718699512781955
14,1766097015387,1766097028268,1766097915387,1766098475265,1766098475254,1766098475267,559880,546999,-11,13,-10.718699512781955
2,1766098383753,1766098387175,1766098563753,1766098505415,1766098505415,1766098505430,-58323,-61745,0,15,-11.49163846503791
15,1766097015387,1766097028268,1766097975387,1766098535384,1766098535373,1766098535385,559998,547117,-11,12,-12.052351355600711
36,1766094965717,1766094988148,1766097185717,1766098535386,1766098535373,1766098535388,1349671,1327240,-13,15,-12.052351355600711
46,1766094146704,1766094178234,1766096966704,1766098535387,1766098535373,1766098535388,1568684,1537154,-14,15,-12.052351355600711
3,1766098383753,1766098387175,1766098623753,1766098567308,1766098567308,1766098567323,-56430,-59852,0,15,-12.153057061367937
47,1766094146704,1766094178234,1766097026704,1766098595396,1766098595396,1766098595408,1568704,1537174,0,12,-12.479740954152476
37,1766094965717,1766094988148,1766097245717,1766098595396,1766098595396,1766098595410,1349693,1327262,0,14,-12.479740954152476
16,1766097015387,1766097028268,1766098035387,1766098595396,1766098595396,1766098595411,560024,547143,0,15,-12.479740954152476
4,1766098383753,1766098387175,1766098683753,1766098636886,1766098636886,1766098636896,-46857,-50279,0,10,-12.063934676149353
38,1766094965717,1766094988148,1766097305717,1766098657281,1766098657274,1766098657281,1351564,1329133,-7,7,-12.502816170508119
17,1766097015387,1766097028268,1766098095387,1766098657283,1766098657274,1766098657283,561896,549015,-9,9,-12.502816170508119
48,1766094146704,1766094178234,1766097086704,1766098657274,1766098657274,1766098657286,1570582,1539052,0,12,-12.502816170508119
5,1766098383753,1766098387175,1766098743753,1766098678151,1766098743795,1766098743820,67,-3355,65644,25,-12.199119400209534
49,1766094146704,1766094178234,1766097146704,1766098678151,1766098753510,1766098753526,1606822,1575292,75359,16,-11.398591270251396
18,1766097015387,1766097028268,1766098155387,1766098678151,1766098753511,1766098753526,598139,585258,75360,15,-11.398591270251396
39,1766094965717,1766094988148,1766097365717,1766098678151,1766098753564,1766098753573,1387856,1365425,75413,9,-11.398591270251396
