timestamp,cpu_user,cpu_system,rss,heapTotal,heapUsed,heapUsedMB,external
1770236684253,227.68,62.23,113819648,66797568,40511800,38.64,3092718
1770236684354,227.87,62.27,113819648,66797568,40516400,38.64,3092774
1770236684455,228.23,62.38,113819648,66797568,40518888,38.64,3092774
1770236684557,228.74,62.57,113836032,66797568,40521224,38.64,3092774
1770236684658,229.57,62.73,113836032,66797568,40523936,38.65,3092774
1770236684760,230.06,62.91,113852416,66797568,40526240,38.65,3092774
1770236684862,230.87,63.15,113868800,66797568,40528544,38.65,3092774
1770236684963,231.36,63.30,113868800,66797568,40531040,38.65,3092774
1770236685064,231.84,63.46,113868800,66797568,40533344,38.66,3092774
1770236685164,232.67,63.64,113885184,66797568,40568448,38.69,3092774
1770236685265,233.20,63.83,113901568,66797568,40570848,38.69,3092774
1770236685367,233.61,64.00,113901568,66797568,40572976,38.69,3092774
1770236685469,234.49,64.16,113917952,66797568,40575160,38.70,3092774
1770236685570,234.91,64.31,113917952,66797568,40577336,38.70,3092774
1770236685671,235.30,64.47,113917952,66797568,40579384,38.70,3092774
1770236685772,235.71,64.64,113917952,66797568,40581432,38.70,3092774
1770236685873,236.40,64.79,113917952,66797568,40583512,38.70,3092774
1770236685974,236.79,64.95,113917952,66797568,40585560,38.71,3092774
1770236686075,237.19,65.12,113917952,66797568,40587608,38.71,3092774
1770236686176,237.58,65.30,113917952,66797568,40589656,38.71,3092774
1770236686278,238.00,65.49,113917952,66797568,40591704,38.71,3092774
1770236686378,238.38,65.65,113917952,66797568,40593752,38.71,3092774
1770236686480,238.75,65.82,113917952,66797568,40595800,38.72,3092774
1770236686580,239.12,65.96,113917952,66797568,40597848,38.72,3092774
1770236686682,239.51,66.13,113917952,66797568,40599896,38.72,3092774
1770236686783,239.89,66.29,113917952,66797568,40601944,38.72,3092774
1770236686885,240.25,66.39,113917952,66797568,40603992,38.72,3092774
1770236686985,240.57,66.54,113917952,66797568,40606040,38.72,3092774
1770236687086,240.70,66.60,113917952,66797568,40608088,38.73,3092774
1770236687187,245.22,67.45,114327552,67059712,41440768,39.52,3102305
1770236687288,245.34,67.49,114327552,67059712,41442840,39.52,3102305
1770236687389,251.87,69.97,114524160,67059712,41751120,39.82,3111835
1770236687490,252.23,70.11,114524160,67059712,41753192,39.82,3111835
1770236687591,252.56,70.23,114524160,67059712,41755240,39.82,3111835
1770236687692,259.94,72.61,114671616,67059712,42065352,40.12,3121365
1770236687793,260.32,72.77,114671616,67059712,42067424,40.12,3121365
1770236687894,266.38,75.22,114720768,67321856,42584216,40.61,3130895
1770236687994,266.79,75.40,114720768,67321856,42586336,40.61,3130895
1770236688095,266.99,75.52,114720768,67321856,42588400,40.62,3130895
1770236688196,272.70,77.56,114835456,67321856,42890560,40.90,3140425
1770236688297,272.87,77.67,114835456,67321856,42892648,40.91,3140425
1770236688397,277.01,79.63,114868224,67321856,43199376,41.20,3149955
1770236688498,277.18,79.72,114868224,67321856,43201464,41.20,3149955
1770236688603,280.19,81.01,114884608,67321856,43353680,41.35,3150626
1770236688704,282.25,82.29,114917376,67321856,43505280,41.49,3159485
1770236688804,282.57,82.47,114917376,67321856,43507368,41.49,3159485
1770236688905,287.65,84.98,114933760,67321856,43808832,41.78,3169015
1770236689006,287.98,85.14,114933760,67321856,43810920,41.78,3169015
1770236689107,290.98,86.56,114933760,67321856,43963032,41.93,3169686
1770236689208,293.14,87.79,114950144,67321856,44114392,42.07,3178545
1770236689309,293.48,87.94,114950144,67321856,44116480,42.07,3178545
1770236689410,298.11,90.32,114966528,67321856,44577040,42.51,3188075
1770236689511,298.42,90.43,114966528,67321856,44579128,42.51,3188075
1770236689611,301.03,91.75,114966528,67321856,44736680,42.66,3188747
1770236689712,303.53,93.03,114982912,67321856,44893344,42.81,3197607
1770236689813,303.85,93.19,114982912,67321856,44895432,42.82,3197607
1770236689914,308.31,95.55,115015680,67321856,45197312,43.10,3207139
1770236690016,308.64,95.69,115015680,67321856,45199400,43.11,3207139
1770236690116,313.17,97.08,115032064,67321856,45351720,43.25,3207811
1770236690216,317.04,98.09,115064832,67321856,45503760,43.40,3216671
1770236690317,317.38,98.23,115064832,67321856,45505848,43.40,3216671
1770236690418,321.96,100.69,115064832,67321856,45807624,43.69,3226203
1770236690519,322.31,100.82,115064832,67321856,45809712,43.69,3226203
1770236690620,325.74,102.23,115064832,67321856,45962088,43.83,3226875
1770236690721,327.11,103.14,115081216,67321856,46113640,43.98,3235735
1770236690822,327.44,103.28,115081216,67321856,46115728,43.98,3235735
1770236690923,331.62,105.47,115097600,67321856,46417472,44.27,3245267
1770236691024,331.96,105.61,115097600,67321856,46419560,44.27,3245267
1770236691130,347.18,110.32,121028608,73875456,41666680,39.74,3254799
1770236691231,347.43,110.43,121028608,73875456,41668768,39.74,3254799
1770236691332,347.75,110.58,121028608,73875456,41670832,39.74,3254799
1770236691433,351.79,112.90,121044992,73875456,41972592,40.03,3110481
1770236691534,352.12,113.04,121044992,73875456,41974680,40.03,3110481
1770236691635,356.02,115.30,121044992,73875456,42276416,40.32,3120013
1770236691736,356.23,115.36,121044992,73875456,42278504,40.32,3120013
1770236691836,356.56,115.52,121044992,73875456,42280568,40.32,3120013
1770236691936,360.28,117.64,121044992,73875456,42582304,40.61,3129545
1770236692037,360.61,117.78,121044992,73875456,42584392,40.61,3129545
1770236692138,367.23,119.98,121126912,73875456,42886560,40.90,3139077
1770236692239,367.45,120.06,121126912,73875456,42888648,40.90,3139077
1770236692340,433.15,128.86,88801280,40157184,35259544,33.63,3098702
1770236692442,439.25,131.01,88801280,40157184,35699224,34.05,3108234
1770236692543,439.57,131.14,88801280,40157184,35701304,34.05,3108234
1770236692645,445.38,133.27,88801280,40157184,36003840,34.34,3117766
1770236692745,445.61,133.35,88801280,40157184,36005920,34.34,3117766
1770236692845,445.96,133.49,88801280,40157184,36007976,34.34,3117766
1770236692946,519.52,140.08,86048768,38060032,35269424,33.64,3099370
1770236693047,519.78,140.21,86048768,38060032,35271552,33.64,3099370
1770236693148,524.39,142.58,86343680,38060032,35580640,33.93,3108902
1770236693249,524.62,142.66,86343680,38060032,35582720,33.93,3108902
1770236693350,524.95,142.82,86343680,38060032,35584776,33.94,3108902
1770236693450,528.59,145.25,86638592,38060032,35885816,34.22,3118434
1770236693551,588.74,147.65,86130688,38060032,35311536,33.68,3098702
1770236693652,593.62,149.92,86491136,38060032,35705856,34.05,3108234
1770236693754,593.85,150.00,86491136,38060032,35707936,34.05,3108234
1770236693853,594.19,150.16,86491136,38060032,35709992,34.06,3108234
1770236693954,601.16,152.80,86769664,38060032,36018176,34.35,3117766
1770236694055,601.51,152.97,86786048,38060032,36020224,34.35,3117766
1770236694156,606.87,155.74,87392256,41205760,35440568,33.80,3127298
1770236694257,607.09,155.82,87392256,41205760,35442616,33.80,3127298
1770236694358,607.41,155.97,87392256,41205760,35444640,33.80,3127298
1770236694459,614.25,159.06,87703552,41205760,35777144,34.12,3118434
1770236694560,614.50,159.19,87719936,41205760,35779144,34.12,3118434
1770236694661,617.92,161.33,87982080,41205760,36067520,34.40,3127966
1770236694762,618.20,161.44,87982080,41205760,36069520,34.40,3127966
1770236694864,618.52,161.60,87982080,41205760,36071496,34.40,3127966
1770236694965,625.95,163.88,88260608,41205760,36367600,34.68,3137498
1770236695066,626.28,164.03,88260608,41205760,36369600,34.68,3137498
1770236695167,629.42,165.89,88522752,41205760,36649088,34.95,3147030
1770236695268,629.65,166.00,88522752,41205760,36651088,34.95,3147030
1770236695369,629.97,166.16,88539136,41205760,36653064,34.96,3147030
1770236695470,633.62,168.35,88817664,41205760,36932552,35.22,3156562
1770236695571,633.94,168.50,88817664,41205760,36934552,35.22,3156562
1770236695672,638.51,170.98,89096192,41205760,37214192,35.49,3166094
1770236695773,638.74,171.11,89112576,41205760,37216192,35.49,3166094
1770236695874,639.03,171.24,89112576,41205760,37218168,35.49,3166094
1770236695975,647.36,173.67,89227264,41205760,35831928,34.17,3117766
1770236696076,647.71,173.84,89227264,41205760,35833904,34.17,3117766
1770236696177,658.22,176.13,89325568,41205760,36141736,34.47,3127298
1770236696279,658.49,176.25,89325568,41205760,36143712,34.47,3127298
1770236696380,658.80,176.40,89325568,41205760,36145688,34.47,3127298
1770236696482,674.68,178.90,89358336,41205760,36458784,34.77,3136830
1770236696583,674.94,179.03,89358336,41205760,36460784,34.77,3136830
1770236696685,679.22,181.25,89604096,41205760,36739336,35.04,3146362
1770236696786,679.45,181.36,89604096,41205760,36741336,35.04,3146362
1770236696887,679.75,181.50,89604096,41205760,36743312,35.04,3146362
1770236696988,689.39,183.88,89964544,41205760,37023080,35.31,3155894
1770236697089,689.69,184.01,89964544,41205760,37025080,35.31,3155894
1770236697190,693.33,186.24,90226688,41205760,37303336,35.58,3165426
1770236697290,693.61,186.38,90243072,41205760,37305336,35.58,3165426
1770236697390,693.89,186.47,90243072,41205760,37307312,35.58,3165426
1770236697492,700.26,188.96,90472448,41205760,36048192,34.38,3174958
1770236697593,700.57,189.09,90472448,41205760,36050192,34.38,3174958
1770236697693,704.57,191.41,90521600,41467904,36584464,34.89,3118434
1770236697794,704.93,191.63,90521600,41467904,36586440,34.89,3118434
1770236697895,705.24,191.78,90521600,41467904,36588416,34.89,3118434
1770236697996,708.67,194.00,90537984,41467904,36864536,35.16,3127966
1770236698097,708.97,194.14,90537984,41467904,36866512,35.16,3127966
1770236698198,717.57,196.37,90537984,41467904,37144984,35.42,3137498
1770236698299,717.84,196.49,90537984,41467904,37146960,35.43,3137498
1770236698400,718.15,196.63,90537984,41467904,37148936,35.43,3137498
1770236698501,723.65,198.79,90537984,41467904,37421896,35.69,3147030
1770236698602,723.95,198.93,90537984,41467904,37423872,35.69,3147030
1770236698703,727.11,200.96,90537984,41467904,37696472,35.95,3156562
1770236698804,727.30,201.05,90537984,41467904,37698448,35.95,3156562
1770236698905,727.51,201.14,90537984,41467904,37700424,35.95,3156562
1770236699006,735.59,203.35,90554368,41467904,37976384,36.22,3166094
1770236699107,735.89,203.49,90554368,41467904,37978360,36.22,3166094
1770236699208,741.28,205.97,90750976,41992192,36684952,34.99,3117766
1770236699309,741.57,206.09,90750976,41992192,36686928,34.99,3117766
1770236699410,741.87,206.23,90750976,41992192,36688904,34.99,3117766
1770236699510,748.34,208.30,90750976,41992192,36964128,35.25,3127298
1770236699611,748.63,208.44,90750976,41992192,36966104,35.25,3127298
1770236699713,758.97,210.72,90800128,41992192,37238824,35.51,3136830
1770236699813,759.23,210.85,90800128,41992192,37240800,35.52,3136830
1770236699915,759.66,211.05,90800128,41992192,37242776,35.52,3136830
1770236700016,765.07,213.27,90800128,41992192,37511000,35.77,3146362
1770236700116,765.36,213.41,90800128,41992192,37512976,35.78,3146362
1770236700217,770.47,215.64,90800128,41992192,37781096,36.03,3155894
1770236700318,770.76,215.78,90800128,41992192,37783072,36.03,3155894
1770236700422,771.10,215.93,90800128,41992192,37785048,36.03,3155894
1770236700523,774.19,217.87,90816512,41992192,38053096,36.29,3165426
1770236700624,774.40,218.02,90816512,41992192,38055072,36.29,3165426
1770236700725,780.26,220.49,91045888,42254336,36781008,35.08,3117094
1770236700826,780.48,220.65,91045888,42254336,36783008,35.08,3117094
1770236700927,780.61,220.72,91045888,42254336,36784984,35.08,3117094
1770236701028,783.61,222.66,91045888,42254336,37051864,35.34,3126626
1770236701129,783.78,222.77,91045888,42254336,37053864,35.34,3126626
1770236701230,789.86,224.88,91045888,42254336,37323704,35.59,3136158
1770236701330,790.07,225.01,91045888,42254336,37325704,35.60,3136158
1770236701431,790.29,225.14,91045888,42254336,37327680,35.60,3136158
1770236701532,792.99,227.26,91062272,42254336,37594712,35.85,3145690
1770236701633,793.29,227.43,91062272,42254336,37596712,35.86,3145690
1770236701734,796.02,229.36,91062272,42254336,37863592,36.11,3155222
1770236701835,796.26,229.49,91062272,42254336,37865592,36.11,3155222
1770236701936,796.52,229.64,91062272,42254336,37867568,36.11,3155222
1770236702037,799.46,231.88,91062272,42254336,38135336,36.37,3164754
1770236702138,799.65,232.04,91062272,42254336,38137336,36.37,3164754
1770236702239,802.71,234.28,91062272,42254336,38404216,36.63,3174286
1770236702340,802.85,234.35,91062272,42254336,38406216,36.63,3174286
1770236702441,803.06,234.46,91062272,42254336,38408192,36.63,3174286
1770236702543,831.35,237.06,93831168,42778624,37359104,35.63,3117766
1770236702644,831.65,237.22,93831168,42778624,37361080,35.63,3117766
1770236702745,835.66,239.23,93831168,42778624,37626432,35.88,3127298
1770236702846,835.91,239.35,93831168,42778624,37628408,35.89,3127298
1770236702946,837.33,240.41,93847552,42778624,37762368,36.01,3127970
1770236703047,854.90,241.12,93896704,42778624,37901264,36.15,3136830
1770236703148,855.08,241.20,93896704,42778624,37903240,36.15,3136830
1770236703249,857.65,243.09,93896704,42778624,38165712,36.40,3146362
1770236703350,857.84,243.19,93896704,42778624,38167688,36.40,3146362
1770236703450,860.36,244.29,93896704,42778624,38300904,36.53,3147034
1770236703551,861.19,245.06,93896704,42778624,38432856,36.65,3155894
1770236703652,861.43,245.20,93896704,42778624,38434832,36.65,3155894
1770236703753,868.86,247.08,93896704,42778624,38698712,36.91,3165426
1770236703854,869.14,247.21,93896704,42778624,38700688,36.91,3165426
1770236703954,872.02,248.61,93913088,42778624,38832536,37.03,3166098
1770236704055,877.91,250.15,94404608,47497216,37495680,35.76,3117094
1770236704156,878.18,250.26,94404608,47497216,37497656,35.76,3117094
1770236704257,883.75,252.49,94404608,47497216,37758800,36.01,3126626
1770236704358,884.03,252.62,94404608,47497216,37760776,36.01,3126626
1770236704459,890.78,254.94,94420992,47497216,38021736,36.26,3136158
1770236704560,895.71,255.05,94437376,47497216,38025560,36.26,3136158
1770236704661,895.96,255.16,94437376,47497216,38027536,36.27,3136158
1770236704762,898.90,257.18,94437376,47497216,38285848,36.51,3145690
1770236704863,899.19,257.31,94437376,47497216,38287824,36.51,3145690
1770236704964,902.30,259.59,94437376,47497216,38546088,36.76,3155222
1770236705065,902.48,259.65,94437376,47497216,38548064,36.76,3155222
1770236705166,902.77,259.76,94437376,47497216,38550040,36.76,3155222
1770236705267,905.74,261.88,94453760,47497216,38808384,37.01,3164754
1770236705368,906.03,262.02,94453760,47497216,38810360,37.01,3164754
1770236705468,910.08,264.20,94453760,47497216,39068632,37.26,3174286
1770236705569,911.88,264.26,94453760,47497216,39070800,37.26,3174286
1770236705671,912.17,264.42,94453760,47497216,39072776,37.26,3174286
1770236705772,915.28,266.73,94699520,47497216,39331104,37.51,3183818
1770236705873,915.58,266.87,94699520,47497216,39333104,37.51,3183818
1770236705973,919.43,269.25,94961664,47497216,39591928,37.76,3193350
1770236706074,919.62,269.32,94961664,47497216,39593928,37.76,3193350
1770236706175,919.88,269.44,94961664,47497216,39595904,37.76,3193350
1770236706276,923.08,271.81,95207424,47497216,39854208,38.01,3202882
1770236706377,923.39,271.96,95207424,47497216,39856208,38.01,3202882
1770236706478,926.61,274.01,95485952,47497216,40114528,38.26,3212414
1770236706579,926.80,274.07,95485952,47497216,40116528,38.26,3212414
1770236706680,927.11,274.21,95485952,47497216,40118544,38.26,3212414
1770236706781,930.17,276.38,95731712,47497216,40376984,38.51,3221946
1770236706882,930.46,276.51,95731712,47497216,40378984,38.51,3221946
1770236706983,933.36,278.59,95993856,47497216,40637296,38.75,3231478
1770236707084,933.58,278.67,95993856,47497216,40639296,38.76,3231478
1770236707185,933.87,278.80,95993856,47497216,40641272,38.76,3231478
1770236707286,935.88,280.57,96256000,47497216,40899520,39.00,3241010
1770236707387,936.12,280.69,96256000,47497216,40901520,39.01,3241010
1770236707488,944.13,283.42,96698368,47497216,37853816,36.10,3250542
1770236707589,944.36,283.50,96698368,47497216,37855816,36.10,3250542
1770236707690,944.66,283.64,96698368,47497216,37857792,36.10,3250542
1770236707791,949.58,286.03,96714752,47497216,38116192,36.35,3118434
1770236707892,949.88,286.18,96714752,47497216,38118168,36.35,3118434
1770236707993,953.33,288.45,96714752,47497216,38375896,36.60,3127966
1770236708094,953.54,288.52,96714752,47497216,38377872,36.60,3127966
1770236708195,953.84,288.71,96714752,47497216,38379848,36.60,3127966
1770236708296,957.19,290.99,96714752,47497216,38637720,36.85,3137498
1770236708397,957.45,291.14,96714752,47497216,38639696,36.85,3137498
1770236708498,962.07,293.57,96796672,47497216,39145400,37.33,3147030
1770236708600,962.27,293.63,96796672,47497216,39147376,37.33,3147030
1770236708701,962.57,293.78,96796672,47497216,39149352,37.34,3147030
1770236708802,965.98,295.96,96796672,47497216,39407064,37.58,3156562
1770236708903,966.28,296.10,96796672,47497216,39409040,37.58,3156562
1770236709004,980.05,298.38,96911360,47497216,39686680,37.85,3166094
1770236709105,980.29,298.48,96911360,47497216,39688656,37.85,3166094
1770236709206,980.58,298.63,96911360,47497216,39690632,37.85,3166094
1770236709306,983.62,300.73,97157120,47497216,39941560,38.09,3175626
1770236709407,983.91,300.87,97157120,47497216,39943560,38.09,3175626
1770236709508,987.31,302.99,97402880,47497216,40194432,38.33,3185158
1770236709609,987.52,303.08,97402880,47497216,40196432,38.33,3185158
1770236709710,987.81,303.22,97402880,47497216,40198408,38.34,3185158
1770236709811,990.49,305.10,97632256,47497216,40449624,38.58,3194690
1770236709913,990.79,305.27,97648640,47497216,40451624,38.58,3194690
1770236710014,994.09,307.67,97894400,47497216,40702512,38.82,3204222
1770236710115,994.31,307.76,97894400,47497216,40704512,38.82,3204222
1770236710215,994.53,307.89,97894400,47497216,40706488,38.82,3204222
1770236710316,997.39,309.75,98140160,47497216,40957368,39.06,3213754
1770236710417,997.57,309.86,98140160,47497216,40959368,39.06,3213754
1770236710518,1000.36,312.09,98385920,47497216,41210312,39.30,3223286
1770236710619,1000.65,312.24,98385920,47497216,41212312,39.30,3223286
1770236710720,1000.94,312.40,98385920,47497216,41214288,39.31,3223286
1770236710821,1006.07,314.96,99123200,48283648,38579680,36.79,3232818
1770236710922,1006.24,315.01,99123200,48283648,38581680,36.79,3232818
1770236711023,1009.22,317.05,99123200,48283648,38832640,37.03,3117766
1770236711124,1009.41,317.14,99123200,48283648,38834616,37.04,3117766
1770236711226,1009.64,317.25,99123200,48283648,38836592,37.04,3117766
1770236711327,1014.20,319.40,99155968,48283648,39087944,37.28,3127298
1770236711428,1014.50,319.53,99155968,48283648,39089920,37.28,3127298
1770236711529,1016.57,321.24,99155968,48283648,39340160,37.52,3136830
1770236711630,1016.75,321.31,99155968,48283648,39342136,37.52,3136830
1770236711731,1016.95,321.43,99155968,48283648,39344112,37.52,3136830
1770236711845,1019.75,323.56,99155968,48283648,39594296,37.76,3146362
1770236711946,1019.94,323.69,99155968,48283648,39596272,37.76,3146362
1770236712047,1024.37,325.78,99155968,48283648,39846592,38.00,3155894
1770236712148,1024.66,325.93,99155968,48283648,39848568,38.00,3155894
1770236712249,1024.98,326.09,99155968,48283648,39850544,38.00,3155894
1770236712350,1030.54,328.48,99155968,48283648,40101032,38.24,3165428
1770236712450,1030.83,328.61,99155968,48283648,40103032,38.25,3165428
1770236712551,1036.07,331.02,99172352,48283648,40353440,38.48,3174962
1770236712652,1036.37,331.17,99172352,48283648,40355440,38.49,3174962
1770236712753,1036.68,331.33,99172352,48283648,40357416,38.49,3174962
1770236712854,1039.54,333.41,99172352,48283648,40607504,38.73,3184496
1770236712955,1039.82,333.55,99172352,48283648,40609504,38.73,3184496
1770236713056,1043.46,335.53,99172352,48283648,40859608,38.97,3194030
1770236713157,1043.75,335.68,99172352,48283648,40861608,38.97,3194030
1770236713258,1044.03,335.81,99172352,48283648,40863584,38.97,3194030
1770236713360,1049.04,338.31,99172352,48283648,41113640,39.21,3203564
1770236713461,1049.33,338.44,99172352,48283648,41115640,39.21,3203564
1770236713563,1065.49,340.75,99205120,48283648,41366688,39.45,3213098
1770236713664,1065.77,340.87,99205120,48283648,41368688,39.45,3213098
1770236713766,1067.82,342.28,99205120,48283648,41494952,39.57,3213771
1770236713867,1068.92,343.12,99205120,48283648,41620480,39.69,3222632
1770236713968,1069.12,343.20,99205120,48283648,41622480,39.69,3222632
1770236714069,1069.92,343.95,99205120,48283648,41872264,39.93,3232166
1770236714169,1070.03,344.00,99205120,48283648,41874336,39.93,3232166
1770236714270,1075.19,346.24,99647488,48545792,39058296,37.25,3241700
1770236714371,1075.37,346.29,99647488,48545792,39060296,37.25,3241700
1770236714472,1075.61,346.39,99647488,48545792,39062272,37.25,3241700
1770236714574,1081.07,348.66,99663872,48545792,39313048,37.49,3117768
1770236714675,1081.32,348.77,99663872,48545792,39315048,37.49,3117768
1770236714775,1083.17,350.30,99663872,48545792,39564896,37.73,3127302
1770236714876,1083.34,350.39,99663872,48545792,39566896,37.73,3127302
1770236714978,1083.56,350.50,99663872,48545792,39568872,37.74,3127302
1770236715079,1089.08,352.67,99680256,48545792,39818968,37.97,3136836
1770236715180,1089.33,352.78,99680256,48545792,39820968,37.98,3136836
1770236715280,1092.59,354.96,99680256,48545792,40070816,38.21,3146370
1770236715380,1092.81,355.05,99680256,48545792,40072816,38.22,3146370
1770236715481,1093.03,355.17,99680256,48545792,40074792,38.22,3146370
1770236715582,1099.23,357.04,99696640,48545792,40325744,38.46,3155904
1770236715683,1099.44,357.14,99696640,48545792,40327744,38.46,3155904
1770236715784,1102.03,359.14,99696640,48545792,40577216,38.70,3165438
1770236715885,1102.18,359.21,99696640,48545792,40579216,38.70,3165438
1770236715986,1102.39,359.32,99696640,48545792,40581192,38.70,3165438
1770236716087,1107.41,361.08,99696640,48545792,40831344,38.94,3174972
1770236716188,1107.64,361.22,99696640,48545792,40833344,38.94,3174972
1770236716289,1110.84,363.46,99696640,48545792,41083408,39.18,3184506
1770236716390,1111.06,363.56,99696640,48545792,41085408,39.18,3184506
1770236716490,1111.30,363.69,99696640,48545792,41087384,39.18,3184506
1770236716590,1113.68,365.61,99696640,48545792,41336896,39.42,3194040
1770236716691,1113.83,365.68,99696640,48545792,41338896,39.42,3194040
1770236716792,1116.53,367.83,99713024,48545792,41588360,39.66,3203574
1770236716893,1116.75,367.94,99713024,48545792,41590360,39.66,3203574
1770236716994,1117.14,368.09,99713024,48545792,41592336,39.67,3203574
1770236717100,1119.61,370.29,99713024,48545792,41841800,39.90,3213108
1770236717201,1119.84,370.39,99713024,48545792,41843800,39.91,3213108
1770236717302,1122.28,372.44,99713024,48545792,42093248,40.14,3222642
1770236717403,1122.43,372.53,99713024,48545792,42095248,40.15,3222642
1770236717505,1122.59,372.60,99713024,48545792,42097224,40.15,3222642
1770236717606,1125.32,374.67,99729408,48545792,42347264,40.39,3232176
1770236717707,1125.55,374.80,99729408,48545792,42349264,40.39,3232176
1770236717808,1131.85,377.60,100352000,49070080,39561968,37.73,3241710
1770236717909,1132.15,377.73,100352000,49070080,39563976,37.73,3241710
1770236718010,1132.39,377.85,100352000,49070080,39565960,37.73,3241710
1770236718111,1135.19,379.97,100352000,49070080,39815472,37.97,3118437
1770236718212,1135.46,380.14,100352000,49070080,39817480,37.97,3118437
1770236718313,1138.72,382.45,100352000,49070080,40067120,38.21,3127971
1770236718414,1139.02,382.61,100352000,49070080,40069128,38.21,3127971
1770236718516,1139.31,382.78,100352000,49070080,40071112,38.21,3127971
1770236718617,1144.21,385.17,100352000,49070080,40321976,38.45,3137505
1770236718718,1144.44,385.28,100352000,49070080,40323984,38.46,3137505
1770236718819,1196.69,388.51,102744064,49070080,40647696,38.76,3147039
1770236718920,1198.53,388.66,102776832,49070080,40651912,38.77,3147039
1770236719021,1198.83,388.81,102776832,49070080,40653896,38.77,3147039
1770236719122,1202.90,391.08,102793216,49070080,40902760,39.01,3156573
1770236719223,1203.20,391.24,102793216,49070080,40904768,39.01,3156573
1770236719324,1206.19,393.44,102793216,49070080,41154320,39.25,3166107
1770236719425,1206.49,393.59,102793216,49070080,41156328,39.25,3166107
1770236719526,1206.77,393.72,102793216,49070080,41158312,39.25,3166107
1770236719627,1211.36,396.04,102809600,49070080,41407808,39.49,3175641
1770236719728,1211.60,396.16,102809600,49070080,41409816,39.49,3175641
1770236719829,1215.06,398.72,102809600,49070080,41659376,39.73,3185175
1770236719930,1215.35,398.87,102809600,49070080,41661384,39.73,3185175
1770236720030,1215.63,399.07,102809600,49070080,41663368,39.73,3185175
1770236720131,1218.59,401.06,102809600,49070080,41912848,39.97,3194709
1770236720232,1218.89,401.19,102809600,49070080,41914856,39.97,3194709
1770236720333,1221.99,403.36,102809600,49070080,42164264,40.21,3204243
1770236720433,1222.26,403.48,102809600,49070080,42166272,40.21,3204243
1770236720534,1222.55,403.61,102809600,49070080,42168256,40.21,3204243
1770236720635,1226.94,406.02,102809600,49070080,42418328,40.45,3213777
1770236720736,1227.23,406.17,102809600,49070080,42420336,40.46,3213777
1770236720837,1232.70,408.44,102825984,49070080,42670040,40.69,3223311
1770236720938,1232.99,408.57,102825984,49070080,42672048,40.70,3223311
1770236721039,1233.30,408.70,102825984,49070080,42674032,40.70,3223311
1770236721140,1237.13,410.99,102825984,49070080,42923640,40.94,3232845
1770236721241,1237.42,411.13,102825984,49070080,42925648,40.94,3232845
1770236721342,1244.58,413.39,103284736,49594368,40114736,38.26,3242379
1770236721443,1244.85,413.46,103284736,49594368,40116744,38.26,3242379
1770236721544,1245.14,413.60,103284736,49594368,40118728,38.26,3242379
1770236721645,1252.36,415.82,103301120,49594368,40368952,38.50,3118437
1770236721746,1252.65,415.96,103301120,49594368,40370936,38.50,3118437
1770236721847,1255.55,418.03,103317504,49594368,40620456,38.74,3127971
1770236721948,1255.84,418.16,103317504,49594368,40622440,38.74,3127971
1770236722049,1256.13,418.30,103317504,49594368,40624424,38.74,3127971
1770236722150,1261.42,420.73,103317504,49594368,40873944,38.98,3137505
1770236722251,1261.63,420.80,103317504,49594368,40875928,38.98,3137505
1770236722352,1265.06,423.30,103317504,49594368,41125424,39.22,3147039
1770236722457,1265.28,423.41,103317504,49594368,41127408,39.22,3147039
1770236722558,1265.44,423.51,103317504,49594368,41129392,39.22,3147039
1770236722659,1266.60,424.65,103317504,49594368,41378912,39.46,3156573
1770236722760,1266.90,424.79,103317504,49594368,41380896,39.46,3156573
1770236722861,1268.14,425.98,103317504,49594368,41630336,39.70,3166107
1770236722962,1268.31,426.05,103317504,49594368,41632320,39.70,3166107
1770236723063,1268.58,426.21,103317504,49594368,41634304,39.71,3166107
1770236723164,1272.06,428.56,103317504,49594368,41883816,39.94,3175641
1770236723266,1272.34,428.72,103317504,49594368,41885800,39.95,3175641
1770236723367,1286.55,431.19,103333888,49594368,42154184,40.20,3185175
1770236723468,1286.84,431.34,103333888,49594368,42156168,40.20,3185175
1770236723569,1287.12,431.50,103333888,49594368,42158152,40.21,3185175
1770236723670,1290.33,433.96,103333888,49594368,42406368,40.44,3194709
1770236723771,1290.62,434.11,103333888,49594368,42408352,40.44,3194709
1770236723872,1295.46,436.41,103333888,49594368,42657304,40.68,3204243
1770236723973,1295.73,436.56,103333888,49594368,42659288,40.68,3204243
1770236724074,1296.01,436.70,103333888,49594368,42661272,40.68,3204243
1770236724174,1298.98,438.98,103333888,49594368,43134248,41.14,3213777
1770236724275,1299.25,439.13,103333888,49594368,43136232,41.14,3213777
1770236724376,1306.02,441.36,103333888,49594368,43385056,41.38,3223311
1770236724477,1306.29,441.51,103333888,49594368,43387040,41.38,3223311
1770236724578,1306.54,441.66,103333888,49594368,43389024,41.38,3223311
1770236724679,1309.44,443.88,103333888,49594368,43637216,41.62,3232845
1770236724780,1309.72,444.05,103333888,49594368,43639200,41.62,3232845
1770236724881,1364.96,449.46,104218624,58245120,36008928,34.34,3108903
1770236724982,1365.25,449.59,104218624,58245120,36026328,34.36,3108903
1770236725084,1367.58,451.10,104218624,58245120,36154200,34.48,3099375
1770236725185,1370.30,452.04,104218624,58245120,36294400,34.61,3108236
1770236725286,1370.59,452.20,104218624,58245120,36296408,34.61,3108236
1770236725387,1376.43,454.37,104218624,58245120,36698848,35.00,3117770
1770236725489,1376.73,454.54,104218624,58245120,36700856,35.00,3117770
1770236725589,1379.13,455.98,104218624,58245120,36826632,35.12,3118443
1770236725690,1380.24,456.83,104218624,58245120,36951560,35.24,3127304
1770236725792,1380.54,457.02,104218624,58245120,36953568,35.24,3127304
1770236725893,1386.58,459.36,104218624,58245120,37202696,35.48,3136838
1770236725994,1386.86,459.50,104218624,58245120,37204704,35.48,3136838
1770236726094,1389.92,461.58,104218624,58245120,37451424,35.72,3146372
1770236726195,1390.11,461.64,104218624,58245120,37453432,35.72,3146372
1770236726295,1390.39,461.79,104218624,58245120,37455416,35.72,3146372
1770236726396,1395.35,464.09,104218624,58245120,37702320,35.96,3155906
1770236726497,1395.64,464.24,104218624,58245120,37704328,35.96,3155906
1770236726597,1398.90,466.48,104218624,58245120,37951064,36.19,3165440
1770236726698,1402.42,466.54,104218624,58245120,37953072,36.19,3165440
1770236726799,1402.70,466.69,104218624,58245120,37955056,36.20,3165440
1770236726900,1405.77,468.95,104218624,58245120,38201648,36.43,3174974
1770236727001,1406.02,469.07,104218624,58245120,38203656,36.43,3174974
1770236727101,1410.27,471.39,104218624,58245120,38449872,36.67,3184508
1770236727203,1410.44,471.45,104218624,58245120,38451880,36.67,3184508
1770236727304,1410.69,471.58,104218624,58245120,38453864,36.67,3184508
1770236727404,1411.82,472.67,104218624,58245120,38699720,36.91,3194042
1770236727506,1411.96,472.75,104218624,58245120,38701728,36.91,3194042
1770236727606,1419.36,475.14,104218624,58245120,38947720,37.14,3203576
1770236727707,1422.34,475.26,104218624,58245120,38951288,37.15,3203576
1770236727807,1422.63,475.40,104218624,58245120,38953272,37.15,3203576
1770236727908,1426.56,478.04,104218624,58245120,39199088,37.38,3213110
1770236728009,1426.87,478.22,104218624,58245120,39201096,37.39,3213110
1770236728109,1430.00,480.35,104218624,58245120,39446928,37.62,3222644
1770236728210,1430.19,480.41,104218624,58245120,39448936,37.62,3222644
1770236728312,1430.49,480.56,104218624,58245120,39450920,37.62,3222644
1770236728413,1433.53,482.67,104218624,58245120,39696704,37.86,3232178
1770236728514,1433.80,482.78,104218624,58245120,39698712,37.86,3232178
1770236728614,1436.47,484.86,104218624,58245120,39944480,38.09,3241712
1770236728715,1436.64,484.92,104218624,58245120,39946488,38.10,3241712
1770236728816,1436.94,485.06,104218624,58245120,39948472,38.10,3241712
1770236728917,1445.15,487.28,104235008,58245120,40196208,38.33,3251246
1770236729018,1445.43,487.42,104235008,58245120,40198216,38.34,3251246
1770236729119,1449.59,489.56,104480768,58245120,40461624,38.59,3260780
1770236729220,1449.80,489.64,104480768,58245120,40463632,38.59,3260780
1770236729320,1450.09,489.78,104480768,58245120,40465616,38.59,3260780
1770236729421,1453.05,492.09,104726528,58245120,40711328,38.83,3270314
1770236729522,1453.35,492.22,104726528,58245120,40713336,38.83,3270314
1770236729623,1456.17,494.41,104972288,58245120,40959048,39.06,3279848
1770236729724,1456.38,494.49,104972288,58245120,40961056,39.06,3279848
1770236729826,1456.67,494.63,104972288,58245120,40963048,39.07,3279848
1770236729927,1459.74,496.94,105299968,58245120,41463536,39.54,3289382
1770236730028,1460.04,497.09,105299968,58245120,41465544,39.54,3289382
1770236730129,1463.71,499.25,105529344,58245120,41711064,39.78,3298916
1770236730230,1463.94,499.32,105529344,58245120,41713072,39.78,3298916
1770236730330,1464.23,499.47,105529344,58245120,41715056,39.78,3298916
1770236730432,1467.11,501.75,105791488,58245120,41960512,40.02,3308450
1770236730533,1467.40,501.88,105791488,58245120,41962520,40.02,3308450
1770236730634,1470.38,504.13,106020864,58245120,42207888,40.25,3317984
1770236730735,1470.58,504.21,106020864,58245120,42209896,40.25,3317984
1770236730836,1470.84,504.33,106020864,58245120,42211880,40.26,3317984
1770236730936,1473.90,506.51,106266624,58245120,42457232,40.49,3327518
1770236731037,1474.21,506.65,106266624,58245120,42459240,40.49,3327518
1770236731138,1477.87,508.93,106496000,58245120,42704592,40.73,3337052
1770236731239,1478.11,509.00,106496000,58245120,42706600,40.73,3337052
1770236731340,1478.41,509.14,106496000,58245120,42708584,40.73,3337052
1770236731441,1482.50,511.36,106725376,58245120,42954008,40.96,3346586
1770236731542,1482.77,511.49,106741760,58245120,42956016,40.97,3346586
1770236731643,1485.53,513.60,106971136,58245120,43201368,41.20,3356120
1770236731744,1485.73,513.67,106971136,58245120,43203376,41.20,3356120
1770236731845,1486.02,513.82,106971136,58245120,43205360,41.20,3356120
1770236731946,1492.11,516.17,107216896,58245120,43450712,41.44,3365654
1770236732047,1492.41,516.31,107216896,58245120,43452720,41.44,3365654
1770236732148,1498.45,518.54,107462656,58245120,43698288,41.67,3375188
1770236732249,1498.66,518.61,107462656,58245120,43700296,41.68,3375188
1770236732350,1498.94,518.74,107462656,58245120,43702280,41.68,3375188
1770236732451,1502.50,521.10,107708416,58245120,43946160,41.91,3384722
1770236732552,1502.80,521.24,107708416,58245120,43948168,41.91,3384722
1770236732653,1505.91,523.68,107937792,58245120,44192088,42.14,3394256
1770236732754,1506.18,523.79,107937792,58245120,44194096,42.15,3394256
1770236732854,1506.46,523.96,107954176,58245120,44196080,42.15,3394256
1770236732955,1511.51,526.26,108232704,58245120,44440056,42.38,3403790
1770236733056,1511.80,526.41,108232704,58245120,44442064,42.38,3403790
1770236733157,1518.65,528.81,108331008,58245120,37769312,36.02,3117097
1770236733258,1518.92,528.91,108331008,58245120,37771320,36.02,3117097
1770236733360,1519.21,529.05,108331008,58245120,37773304,36.02,3117097
1770236733461,1522.18,531.32,108331008,58245120,38017000,36.26,3126631
1770236733562,1522.40,531.45,108331008,58245120,38019008,36.26,3126631
1770236733663,1527.56,533.74,108331008,58245120,38263152,36.49,3136165
1770236733764,1527.86,533.87,108331008,58245120,38265160,36.49,3136165
1770236733865,1528.13,534.02,108331008,58245120,38267144,36.49,3136165
1770236733965,1529.20,534.99,108347392,58245120,38510784,36.73,3145699
1770236734067,1529.28,535.03,108347392,58245120,38512792,36.73,3145699
1770236734168,1531.90,537.19,108347392,58245120,38756432,36.96,3155233
1770236734269,1532.15,537.30,108347392,58245120,38758440,36.96,3155233
1770236734370,1532.44,537.43,108347392,58245120,38760424,36.96,3155233
1770236734473,1556.34,539.75,108363776,58245120,39028000,37.22,3164767
1770236734574,1556.60,539.86,108363776,58245120,39030008,37.22,3164767
1770236734675,1561.29,542.02,108363776,58245120,39271776,37.45,3174301
1770236734776,1561.55,542.12,108363776,58245120,39273784,37.45,3174301
1770236734877,1561.83,542.24,108363776,58245120,39275768,37.46,3174301
1770236734978,1564.40,544.30,108380160,58245120,39517480,37.69,3183835
1770236735079,1564.59,544.38,108380160,58245120,39519488,37.69,3183835
1770236735180,1596.37,546.89,108380160,58245120,39761200,37.92,3193369
1770236735281,1597.64,546.97,108396544,58245120,39818832,37.97,3193369
1770236735383,1597.93,547.12,108396544,58245120,39820816,37.98,3193369
1770236735484,1606.49,549.42,108412928,58245120,40061720,38.21,3202903
1770236735585,1606.81,549.58,108412928,58245120,40063728,38.21,3202903
1770236735686,1610.85,551.88,108412928,58245120,40302376,38.44,3212437
1770236735787,1611.17,552.04,108412928,58245120,40304384,38.44,3212437
1770236735888,1611.46,552.18,108412928,58245120,40306368,38.44,3212437
1770236735989,1614.29,554.22,108445696,58245120,40544768,38.67,3221971
1770236736090,1614.58,554.40,108445696,58245120,40546776,38.67,3221971
1770236736191,1617.70,556.79,108675072,58245120,40785056,38.90,3231505
1770236736293,1617.99,556.93,108675072,58245120,40787064,38.90,3231505
1770236736394,1618.28,557.09,108691456,58245120,40789048,38.90,3231505
1770236736495,1620.93,559.10,108937216,58245120,41027304,39.13,3241039
1770236736597,1621.14,559.22,108937216,58245120,41029312,39.13,3241039
1770236736698,1631.37,561.76,109182976,58245120,41271368,39.36,3250573
1770236736799,1631.65,561.90,109182976,58245120,41273376,39.36,3250573
1770236736900,1631.94,562.05,109182976,58245120,41275360,39.36,3250573
1770236737000,1634.60,564.24,109412352,58245120,41513664,39.59,3260107
1770236737100,1634.87,564.39,109412352,58245120,41515672,39.59,3260107
1770236737201,1637.94,566.66,109641728,58245120,41754016,39.82,3269641
1770236737302,1638.19,566.75,109641728,58245120,41756024,39.82,3269641
1770236737402,1638.47,566.89,109641728,58245120,41758008,39.82,3269641
1770236737503,1641.11,569.11,109871104,58245120,41996416,40.05,3279175
1770236737604,1641.40,569.25,109871104,58245120,41998424,40.05,3279175
1770236737705,1644.08,571.52,110100480,58245120,42236728,40.28,3288709
1770236737807,1644.38,571.64,110100480,58245120,42238736,40.28,3288709
1770236737908,1644.66,571.79,110100480,58245120,42240720,40.28,3288709
1770236738009,1649.93,574.24,110329856,58245120,42479576,40.51,3298243
1770236738111,1650.19,574.37,110329856,58245120,42481584,40.51,3298243
1770236738212,1653.85,576.52,110559232,58245120,42720040,40.74,3307777
1770236738313,1654.14,576.64,110559232,58245120,42722048,40.74,3307777
1770236738414,1654.45,576.81,110575616,58245120,42724032,40.74,3307777
1770236738515,1657.29,579.08,110788608,58245120,42962432,40.97,3317311
1770236738615,1657.59,579.22,110788608,58245120,42964440,40.97,3317311
1770236738717,1661.33,581.48,111017984,58245120,43202728,41.20,3326845
1770236738818,1661.61,581.61,111017984,58245120,43204736,41.20,3326845
1770236738919,1661.92,581.76,111034368,58245120,43206720,41.21,3326845
1770236739020,1665.06,584.13,111247360,58245120,43445024,41.43,3336379
1770236739120,1665.35,584.27,111247360,58245120,43447032,41.43,3336379
1770236739220,1668.26,586.40,111476736,58245120,43685568,41.66,3345913
1770236739321,1668.40,586.44,111476736,58245120,43687576,41.66,3345913
1770236739422,1668.67,586.56,111493120,58245120,43689560,41.67,3345913
1770236739522,1671.64,588.78,111706112,58245120,43927872,41.89,3355447
1770236739624,1671.94,588.93,111706112,58245120,43929880,41.89,3355447
1770236739725,1675.09,591.43,111935488,58245120,44168232,42.12,3364981
1770236739826,1675.38,591.58,111935488,58245120,44170240,42.12,3364981
1770236739927,1675.71,591.77,111951872,58245120,44172224,42.13,3364981
1770236740028,1680.81,594.15,112164864,58245120,44411128,42.35,3374515
1770236740129,1681.10,594.31,112181248,58245120,44413136,42.36,3374515
1770236740230,1691.43,601.15,98238464,44089344,38687000,36.89,3384049
1770236740330,1691.72,601.29,98238464,44089344,38689000,36.90,3384049
1770236740431,1692.00,601.42,98238464,44089344,38690976,36.90,3384049
1770236740532,1694.80,603.54,98238464,44089344,38929208,37.13,3118439
1770236740633,1695.09,603.68,98238464,44089344,38931208,37.13,3118439
1770236740734,1697.86,605.83,98238464,44089344,39169576,37.36,3127973
1770236740835,1698.15,605.96,98238464,44089344,39171576,37.36,3127973
1770236740936,1698.46,606.11,98238464,44089344,39173552,37.36,3127973
1770236741036,1701.09,608.16,98238464,44089344,39411784,37.59,3137507
1770236741138,1701.38,608.29,98238464,44089344,39413784,37.59,3137507
1770236741239,1704.29,610.43,98238464,44089344,39652104,37.82,3147041
1770236741340,1704.57,610.56,98238464,44089344,39654104,37.82,3147041
1770236741441,1704.83,610.65,98238464,44089344,39656080,37.82,3147041
1770236741542,1707.65,612.83,98238464,44089344,39894256,38.05,3156575
1770236741643,1707.94,612.97,98238464,44089344,39896256,38.05,3156575
1770236741744,1713.40,615.88,99074048,51953664,38821384,37.02,3166109
1770236741845,1713.69,616.02,99074048,51953664,38823384,37.02,3166109
1770236741946,1713.96,616.17,99090432,51953664,38825360,37.03,3166109
1770236742053,1716.96,618.48,99303424,51953664,39066576,37.26,3118439
1770236742154,1717.11,618.58,99319808,51953664,39068552,37.26,3118439
1770236742255,1719.74,620.71,99532800,51953664,39310232,37.49,3127973
1770236742356,1720.04,620.87,99532800,51953664,39312208,37.49,3127973
1770236742456,1724.98,623.21,99762176,51953664,39550440,37.72,3137507
1770236742558,1727.30,623.28,99762176,51953664,39568664,37.74,3137507
1770236742659,1727.60,623.44,99778560,51953664,39570640,37.74,3137507
1770236742760,1730.11,625.66,99991552,51953664,39808760,37.96,3147041
1770236742861,1730.24,625.75,100007936,51953664,39810760,37.97,3147041
1770236742961,1735.57,628.00,100220928,51953664,40049208,38.19,3156575
1770236743062,1735.76,628.05,100220928,51953664,40051192,38.20,3156575
1770236743162,1736.05,628.21,100237312,51953664,40053176,38.20,3156575
1770236743263,1739.63,630.44,100450304,51953664,40291336,38.42,3166109
1770236743365,1739.93,630.62,100450304,51953664,40293320,38.43,3166109
1770236743465,1742.95,632.76,100696064,51953664,40533808,38.66,3175643
1770236743566,1743.16,632.83,100696064,51953664,40535816,38.66,3175643
1770236743667,1743.48,632.96,100696064,51953664,40537800,38.66,3175643
1770236743768,1746.54,635.19,100925440,51953664,40778992,38.89,3185177
1770236743869,1746.84,635.34,100925440,51953664,40781000,38.89,3185177
1770236743970,1749.90,637.65,101154816,51953664,41022400,39.12,3194711
1770236744071,1750.10,637.72,101154816,51953664,41024408,39.12,3194711
1770236744171,1751.02,637.92,101171200,51953664,41034656,39.13,3194711
1770236744273,1770.85,640.58,101416960,51953664,41317616,39.40,3204249
1770236744374,1771.14,640.72,101416960,51953664,41319624,39.41,3204249
1770236744475,1775.68,643.26,101646336,51953664,41576832,39.65,3213783
1770236744576,1775.88,643.32,101646336,51953664,41578840,39.65,3213783
1770236744677,1776.16,643.47,101646336,51953664,41580824,39.65,3213783
1770236744777,1779.24,645.77,101875712,51953664,41818704,39.88,3223317
1770236744878,1779.53,645.90,101875712,51953664,41820712,39.88,3223317
1770236744979,1782.11,648.32,102105088,51953664,42058544,40.11,3232851
1770236745080,1782.32,648.40,102105088,51953664,42060552,40.11,3232851
1770236745181,1782.61,648.53,102105088,51953664,42062536,40.11,3232851
1770236745282,1785.74,650.98,102334464,51953664,42300992,40.34,3242385
1770236745383,1786.09,651.11,102334464,51953664,42303000,40.34,3242385
1770236745484,1790.48,653.38,102563840,51953664,42541224,40.57,3251919
1770236745586,1790.74,653.48,102563840,51953664,42543232,40.57,3251919
1770236745686,1791.04,653.64,102563840,51953664,42545216,40.57,3251919
1770236745787,1794.51,656.25,102793216,51953664,42783072,40.80,3261453
1770236745888,1794.81,656.39,102793216,51953664,42785080,40.80,3261453
1770236745988,1797.58,658.61,103022592,51953664,43044176,41.05,3270987
1770236746089,1797.81,658.70,103022592,51953664,43046184,41.05,3270987
1770236746191,1798.12,658.87,103022592,51953664,43048168,41.05,3270987
1770236746292,1801.21,661.15,103251968,51953664,43286072,41.28,3280521
1770236746392,1801.49,661.30,103251968,51953664,43288080,41.28,3280521
1770236746494,1804.56,663.59,103497728,51953664,43525952,41.51,3290055
1770236746595,1804.79,663.67,103497728,51953664,43527960,41.51,3290055
1770236746697,1805.07,663.82,103497728,51953664,43529944,41.51,3290055
1770236746798,1810.98,666.27,103759872,51953664,39645752,37.81,3299589
1770236746899,1811.27,666.41,103759872,51953664,39647760,37.81,3299589
1770236746999,1814.42,668.94,103759872,51953664,39885848,38.04,3118437
1770236747101,1814.65,669.03,103759872,51953664,39887856,38.04,3118437
1770236747202,1814.95,669.18,103759872,51953664,39889840,38.04,3118437
1770236747305,1977.82,679.76,142016512,96813056,58532160,55.82,3117768
1770236747405,2228.32,683.14,153239552,100483072,68761312,65.58,3099370
1770236747507,2285.24,684.90,154009600,100745216,76657392,73.11,3110964
1770236747607,2285.39,684.94,154009600,100745216,76659408,73.11,3110964
1770236747709,2285.60,685.04,154009600,100745216,76661400,73.11,3110964
1770236747810,2292.82,687.06,154009600,100745216,76913344,73.35,3120496
1770236747911,2293.13,687.20,154009600,100745216,76915360,73.35,3120496
1770236748013,2296.37,689.37,154009600,100745216,77165568,73.59,3130028
1770236748113,2296.58,689.44,154009600,100745216,77167584,73.59,3130028
1770236748214,2296.88,689.56,154009600,100745216,77169576,73.59,3130028
1770236748315,2300.20,691.77,154009600,100745216,77419840,73.83,3139562
1770236748416,2300.52,691.91,154009600,100745216,77421856,73.84,3139562
1770236748517,2306.11,693.97,154025984,100745216,77672416,74.07,3149096
1770236748618,2306.39,694.07,154025984,100745216,77674432,74.08,3149096
1770236748720,2306.71,694.22,154025984,100745216,77676424,74.08,3149096
1770236748820,2310.81,696.37,154025984,100745216,77926608,74.32,3158630
1770236748922,2311.12,696.50,154025984,100745216,77928624,74.32,3158630
1770236749023,2314.28,698.62,154025984,100745216,78178856,74.56,3168164
1770236749125,2314.66,698.80,154025984,100745216,78180872,74.56,3168164
1770236749225,2315.00,698.97,154025984,100745216,78182864,74.56,3168164
1770236749326,2318.48,701.36,154025984,100745216,78433256,74.80,3177698
1770236749427,2318.86,701.56,154025984,100745216,78435272,74.80,3177698
1770236749528,2323.09,703.91,154042368,100745216,78685648,75.04,3187232
1770236749629,2323.42,704.04,154042368,100745216,78687664,75.04,3187232
1770236749730,2323.75,704.20,154042368,100745216,78689656,75.04,3187232
1770236749831,2327.01,706.37,154042368,100745216,78939896,75.28,3196766
1770236749932,2327.21,706.45,154042368,100745216,78941912,75.28,3196766
1770236750033,2331.62,708.64,154042368,100745216,79192456,75.52,3206300
1770236750134,2331.93,708.78,154042368,100745216,79194472,75.53,3206300
1770236750235,2332.24,708.92,154042368,100745216,79196464,75.53,3206300
1770236750336,2335.88,711.37,154042368,100745216,79446648,75.77,3215834
1770236750437,2336.21,711.51,154042368,100745216,79448664,75.77,3215834
1770236750537,2341.85,713.74,154058752,100745216,79700136,76.01,3225368
1770236750638,2342.16,713.87,154058752,100745216,79702152,76.01,3225368
1770236750739,2342.48,714.02,154058752,100745216,79704144,76.01,3225368
1770236750840,2350.06,717.20,154288128,101531648,65864648,62.81,3120486
1770236750941,2350.37,717.34,154288128,101531648,65866664,62.82,3120486
1770236751042,2353.74,719.55,154288128,101531648,66116880,63.05,3130020
1770236751143,2353.98,719.64,154288128,101531648,66118896,63.06,3130020
1770236751244,2354.30,719.79,154288128,101531648,66120888,63.06,3130020
1770236751345,2357.17,721.86,154288128,101531648,66371152,63.30,3139554
1770236751447,2357.50,722.02,154288128,101531648,66373168,63.30,3139554
1770236751548,2360.89,724.28,154288128,101531648,66623416,63.54,3149088
1770236751649,2361.21,724.41,154288128,101531648,66625432,63.54,3149088
1770236751750,2361.52,724.55,154288128,101531648,66627424,63.54,3149088
1770236751851,2369.01,726.76,154288128,101531648,66936792,63.84,3158622
1770236751953,2369.34,726.90,154288128,101531648,66938808,63.84,3158622
1770236752054,2372.49,728.62,154288128,101531648,67189112,64.08,3168156
1770236752155,2372.74,728.74,154288128,101531648,67191128,64.08,3168156
1770236752256,2373.06,728.88,154288128,101531648,67193120,64.08,3168156
1770236752357,2376.37,731.25,154288128,101531648,67443336,64.32,3177690
1770236752458,2376.69,731.40,154288128,101531648,67445352,64.32,3177690
1770236752559,2385.57,733.68,154320896,101531648,67696192,64.56,3187224
1770236752660,2385.88,733.83,154320896,101531648,67698208,64.56,3187224
1770236752761,2386.20,733.97,154320896,101531648,67700200,64.56,3187224
1770236752862,2389.46,736.18,154320896,101531648,67950016,64.80,3196758
1770236752963,2389.79,736.34,154320896,101531648,67952032,64.80,3196758
1770236753064,2392.77,738.41,154320896,101531648,68201848,65.04,3206292
1770236753165,2393.06,738.55,154320896,101531648,68203864,65.04,3206292
1770236753265,2393.32,738.72,154320896,101531648,68205856,65.05,3206292
1770236753366,2396.53,740.99,154320896,101531648,68455664,65.28,3215826
1770236753467,2396.86,741.14,154320896,101531648,68457680,65.29,3215826
1770236753568,2399.84,743.33,154320896,101531648,68707616,65.52,3225360
1770236753668,2400.11,743.45,154320896,101531648,68709632,65.53,3225360
1770236753771,2402.02,744.76,154320896,101531648,68836144,65.65,3234225
1770236753874,2406.31,745.73,154353664,101531648,68962856,65.77,3234894
1770236753975,2406.62,745.89,154353664,101531648,68964872,65.77,3234894
1770236754076,2409.98,748.35,154353664,101531648,69214736,66.01,3244428
1770236754177,2410.29,748.50,154353664,101531648,69216752,66.01,3244428
1770236754278,2413.61,750.77,154353664,101531648,69466584,66.25,3253962
1770236754379,2413.80,750.83,154353664,101531648,69468600,66.25,3253962
1770236754480,2414.11,750.98,154353664,101531648,69470592,66.25,3253962
1770236754580,2418.32,753.33,154353664,101531648,69720528,66.49,3263496
1770236754681,2418.64,753.47,154353664,101531648,69722544,66.49,3263496
1770236754781,2421.03,754.93,154353664,101531648,69849056,66.61,3272361
1770236754882,2422.22,755.87,154353664,101531648,69974288,66.73,3273030
1770236754983,2422.53,756.01,154353664,101531648,69976304,66.73,3273030
1770236755084,2425.65,758.16,154353664,101531648,70226096,66.97,3282564
1770236755185,2425.96,758.32,154353664,101531648,70228112,66.97,3282564
1770236755285,2429.58,760.76,154353664,101531648,70735088,67.46,3292098
1770236755386,2430.57,760.89,154353664,101531648,70737160,67.46,3292098
1770236755488,2505.39,770.85,112263168,57196544,38191504,36.42,3108944
1770236755589,2510.02,773.10,112263168,57196544,38547240,36.76,3118478
1770236755690,2510.33,773.25,112263168,57196544,38549248,36.76,3118478
1770236755790,2515.87,775.70,112263168,57196544,38817120,37.02,3128012
1770236755890,2516.08,775.78,112263168,57196544,38819128,37.02,3128012
1770236755991,2516.40,775.92,112263168,57196544,38821112,37.02,3128012
1770236756092,2597.67,784.84,96452608,41992192,38466328,36.68,3118478
1770236756194,2597.99,784.98,96452608,41992192,38468376,36.69,3118478
1770236756295,2599.77,786.41,96698368,41992192,38731856,36.94,3128012
1770236756396,2599.94,786.47,96698368,41992192,38733856,36.94,3128012
1770236756497,2600.25,786.61,96698368,41992192,38735832,36.94,3128012
1770236756599,2603.58,789.12,96960512,41992192,38999400,37.19,3137546
1770236756700,2673.80,792.33,96190464,41467904,37970376,36.21,3108944
1770236756801,2679.45,794.63,96468992,41467904,38507304,36.72,3118478
1770236756901,2679.66,794.70,96468992,41467904,38509304,36.73,3118478
1770236757003,2679.98,794.84,96468992,41467904,38511280,36.73,3118478
1770236757104,2685.88,797.16,96747520,41467904,38775088,36.98,3128012
1770236757205,2686.16,797.25,96747520,41467904,38777088,36.98,3128012
1770236757306,2689.77,799.54,96993280,41467904,39040592,37.23,3137546
1770236757407,2689.99,799.61,96993280,41467904,39042592,37.23,3137546
1770236757508,2690.31,799.75,96993280,41467904,39044568,37.24,3137546
1770236757609,2695.13,802.53,97583104,44613632,38446488,36.67,3119820
1770236757710,2695.47,802.67,97583104,44613632,38448488,36.67,3119820
1770236757811,2702.27,805.15,97861632,44613632,38712232,36.92,3129354
1770236757912,2702.48,805.23,97861632,44613632,38714232,36.92,3129354
1770236758012,2702.80,805.36,97861632,44613632,38716208,36.92,3129354
1770236758114,2706.09,807.63,98123776,44613632,38979552,37.17,3138888
1770236758215,2706.40,807.79,98140160,44613632,38981552,37.18,3138888
1770236758315,2711.34,810.28,98385920,44613632,39244864,37.43,3148422
1770236758416,2711.45,810.35,98385920,44613632,39246864,37.43,3148422
1770236758518,2711.61,810.42,98385920,44613632,39248840,37.43,3148422
1770236758618,2714.71,812.66,98631680,44613632,39512248,37.68,3157956
1770236758720,2715.03,812.82,98648064,44613632,39514248,37.68,3157956
1770236758820,2718.59,815.15,98893824,44613632,39777504,37.93,3167490
1770236758921,2718.81,815.23,98893824,44613632,39779504,37.94,3167490
1770236759023,2719.11,815.37,98893824,44613632,39781480,37.94,3167490
1770236759123,2724.89,817.96,99139584,44613632,40051600,38.20,3177024
1770236759224,2725.39,818.13,99155968,44613632,40053600,38.20,3177024
1770236759325,2730.56,820.53,99237888,44613632,38683480,36.89,3119820
1770236759426,2730.86,820.66,99237888,44613632,38685456,36.89,3119820
1770236759527,2731.15,820.79,99237888,44613632,38687432,36.90,3119820
1770236759628,2735.16,823.25,99237888,44613632,38950752,37.15,3129354
1770236759729,2735.48,823.40,99237888,44613632,38952728,37.15,3129354
1770236759829,2739.04,825.62,99237888,44613632,39216048,37.40,3138888
1770236759931,2739.35,825.75,99237888,44613632,39218024,37.40,3138888
1770236760032,2739.66,825.89,99237888,44613632,39220000,37.40,3138888
1770236760134,2748.70,828.22,99483648,44613632,39487328,37.66,3148422
1770236760235,2749.00,828.36,99483648,44613632,39489304,37.66,3148422
1770236760335,2752.16,830.52,99762176,44613632,39752528,37.91,3157956
1770236760436,2752.47,830.65,99762176,44613632,39754504,37.91,3157956
1770236760537,2752.78,830.78,99762176,44613632,39756480,37.91,3157956
1770236760638,2759.74,832.40,100007936,44613632,40029600,38.18,3167490
1770236760740,2759.97,832.53,100007936,44613632,40031584,38.18,3167490
1770236760840,2774.05,835.03,100253696,44613632,38772304,36.98,3177024
1770236760941,2774.30,835.13,100253696,44613632,38774288,36.98,3177024
1770236761043,2774.58,835.27,100253696,44613632,38776272,36.98,3177024
1770236761144,2777.79,837.49,100253696,44613632,39039016,37.23,3128681
1770236761245,2778.08,837.63,100253696,44613632,39041024,37.23,3128681
1770236761346,2782.29,840.17,100253696,44613632,39303800,37.48,3138215
1770236761446,2782.57,840.26,100253696,44613632,39305808,37.48,3138215
1770236761548,2782.85,840.38,100253696,44613632,39307792,37.49,3138215
1770236761649,2786.75,842.64,100253696,44613632,39570608,37.74,3147749
1770236761750,2787.04,842.78,100253696,44613632,39572616,37.74,3147749
1770236761851,2791.95,844.91,100253696,44613632,39835392,37.99,3157283
1770236761952,2792.21,845.02,100253696,44613632,39837400,37.99,3157283
1770236762053,2792.55,845.19,100253696,44613632,39839384,37.99,3157283
1770236762153,2797.52,847.46,100270080,44613632,40106864,38.25,3166817
1770236762255,2797.82,847.60,100270080,44613632,40108872,38.25,3166817
1770236762356,2801.88,850.05,100270080,44613632,40371256,38.50,3176351
1770236762463,2802.16,850.18,100270080,44613632,40373264,38.50,3176351
1770236762565,2802.44,850.31,100270080,44613632,40375248,38.50,3176351
1770236762666,2807.79,852.96,100433920,45137920,39102496,37.29,3185885
1770236762767,2808.08,853.06,100433920,45137920,39104504,37.29,3185885
1770236762868,2811.63,855.49,100433920,45137920,39367184,37.54,3128681
1770236762969,2811.93,855.63,100433920,45137920,39369168,37.55,3128681
1770236763070,2812.23,855.77,100433920,45137920,39371152,37.55,3128681
1770236763171,2824.48,858.28,100450304,45137920,39641840,37.81,3138215
1770236763273,2824.75,858.43,100450304,45137920,39643824,37.81,3138215
1770236763374,2828.64,860.75,100450304,45137920,39903760,38.06,3147749
1770236763474,2828.94,860.89,100450304,45137920,39905744,38.06,3147749
1770236763578,2831.21,862.19,100450304,45137920,40037272,38.18,3156614
1770236763679,2832.38,863.12,100450304,45137920,40167584,38.31,3157283
1770236763780,2832.68,863.26,100450304,45137920,40169568,38.31,3157283
1770236763881,2836.33,865.70,100450304,45137920,40429504,38.56,3166817
1770236763983,2836.62,865.84,100450304,45137920,40431488,38.56,3166817
1770236764082,2839.25,867.37,100450304,45137920,40563032,38.68,3175682
1770236764184,2840.75,868.28,100450304,45137920,40693344,38.81,3176351
1770236764285,2841.05,868.42,100450304,45137920,40695328,38.81,3176351
1770236764386,2846.62,870.78,100679680,45137920,39418416,37.59,3128012
1770236764487,2846.92,870.93,100679680,45137920,39420400,37.59,3128012
1770236764587,2849.31,872.40,100679680,45137920,39551928,37.72,3136877
1770236764688,2850.50,873.24,100679680,45137920,39682240,37.84,3137546
1770236764789,2850.80,873.39,100679680,45137920,39684224,37.85,3137546
1770236764890,2852.80,875.06,100679680,45137920,39944144,38.09,3147080
1770236764990,2853.04,875.17,100679680,45137920,39946152,38.10,3147080
1770236765090,2856.27,877.49,100679680,45137920,40205952,38.34,3156614
1770236765192,2856.46,877.55,100679680,45137920,40207936,38.35,3156614
1770236765292,2856.75,877.70,100679680,45137920,40209920,38.35,3156614
1770236765394,2860.11,879.97,100679680,45137920,40469776,38.59,3166148
1770236765495,2860.41,880.11,100679680,45137920,40471784,38.60,3166148
1770236765595,2865.51,882.33,100679680,45137920,40732224,38.85,3175682
1770236765695,2865.70,882.39,100679680,45137920,40734208,38.85,3175682
1770236765797,2865.98,882.54,100679680,45137920,40736192,38.85,3175682
1770236765898,2882.41,885.21,100892672,45400064,39474528,37.65,3185216
1770236765998,2882.70,885.35,100892672,45400064,39476536,37.65,3185216
1770236766099,2885.91,887.53,100892672,45400064,39735232,37.89,3128681
1770236766200,2886.09,887.59,100892672,45400064,39737216,37.90,3128681
1770236766301,2886.39,887.73,100892672,45400064,39739200,37.90,3128681
1770236766401,2897.89,890.27,100909056,45400064,39999736,38.15,3138215
1770236766503,2898.18,890.41,100909056,45400064,40001720,38.15,3138215
1770236766603,2905.63,892.68,100909056,45400064,40254952,38.39,3147749
1770236766704,2906.88,892.75,100909056,45400064,40257536,38.39,3147749
1770236766805,2907.16,892.90,100909056,45400064,40259520,38.39,3147749
1770236766906,2912.99,895.15,100909056,45400064,40512784,38.64,3157283
1770236767007,2913.28,895.30,100909056,45400064,40514768,38.64,3157283
1770236767107,2922.00,897.65,100925440,45400064,40768096,38.88,3166817
1770236767209,2924.95,897.73,100925440,45400064,40828888,38.94,3166817
1770236767310,2925.21,897.88,100925440,45400064,40830872,38.94,3166817
1770236767411,2932.80,900.27,100941824,45400064,41083136,39.18,3176351
1770236767513,2933.08,900.42,100941824,45400064,41085120,39.18,3176351
1770236767613,2940.36,903.41,101449728,50118656,39864880,38.02,3185885
1770236767713,2940.54,903.47,101449728,50118656,39866864,38.02,3185885
1770236767815,2940.83,903.61,101449728,50118656,39868848,38.02,3185885
1770236767916,2944.30,905.93,101449728,50118656,40118648,38.26,3128681
1770236768016,2944.60,906.08,101449728,50118656,40120632,38.26,3128681
1770236768118,2948.09,908.39,101449728,50118656,40370472,38.50,3138215
1770236768219,2948.28,908.46,101449728,50118656,40372456,38.50,3138215
1770236768320,2948.58,908.60,101449728,50118656,40374440,38.50,3138215
1770236768421,2956.06,910.87,101449728,50118656,40682392,38.80,3147749
1770236768522,2956.34,911.00,101449728,50118656,40684376,38.80,3147749
1770236768622,2959.43,913.00,101498880,50118656,40934176,39.04,3157283
1770236768722,2959.63,913.08,101498880,50118656,40936160,39.04,3157283
1770236768823,2959.91,913.23,101498880,50118656,40938144,39.04,3157283
1770236768925,2963.31,915.47,101498880,50118656,41187944,39.28,3166817
1770236769026,2963.60,915.61,101498880,50118656,41189928,39.28,3166817
1770236769126,2967.87,917.27,101498880,50118656,41439840,39.52,3176351
1770236769228,2967.99,917.33,101498880,50118656,41441824,39.52,3176351
1770236769329,2968.24,917.47,101498880,50118656,41443808,39.52,3176351
1770236769430,2971.46,919.93,101646336,50118656,41926536,39.98,3185885
1770236769530,2971.74,920.07,101646336,50118656,41928520,39.99,3185885
1770236769631,2976.53,922.54,101908480,50118656,42178312,40.22,3195419
1770236769731,2976.72,922.61,101908480,50118656,42180320,40.23,3195419
1770236769833,2977.02,922.76,101908480,50118656,42182304,40.23,3195419
1770236769934,2980.44,925.16,102154240,50118656,42431960,40.47,3204953
1770236770036,2980.71,925.28,102154240,50118656,42433968,40.47,3204953
1770236770137,2983.74,927.52,102383616,50118656,42683536,40.71,3214487
1770236770238,2983.91,927.59,102383616,50118656,42685544,40.71,3214487
1770236770338,2984.14,927.72,102383616,50118656,42687528,40.71,3214487
1770236770438,2987.34,929.94,102629376,50118656,42937056,40.95,3224021
1770236770540,2987.63,930.08,102629376,50118656,42939064,40.95,3224021
1770236770641,2990.75,932.31,102875136,50118656,43188640,41.19,3233555
1770236770742,2990.97,932.38,102875136,50118656,43190648,41.19,3233555
1770236770842,2991.25,932.53,102875136,50118656,43192632,41.19,3233555
1770236770943,2995.10,935.25,103120896,50118656,43442224,41.43,3243089
1770236771042,2995.41,935.39,103120896,50118656,43444232,41.43,3243089
1770236771143,3015.23,938.11,103596032,50380800,40508808,38.63,3252623
1770236771244,3027.24,938.30,103628800,50380800,40513152,38.64,3252623
1770236771345,3027.41,938.37,103628800,50380800,40515136,38.64,3252623
1770236771446,3030.88,940.85,103628800,50380800,40762872,38.87,3128012
1770236771546,3031.22,941.03,103628800,50380800,40764856,38.88,3128012
1770236771647,3048.18,943.53,103628800,50380800,41012448,39.11,3137546
1770236771749,3063.74,943.77,103661568,50380800,41014984,39.11,3137546
1770236771849,3064.02,943.91,103661568,50380800,41016968,39.12,3137546
1770236771949,3069.52,946.44,103661568,50380800,41262984,39.35,3147080
1770236772050,3069.82,946.58,103661568,50380800,41264968,39.35,3147080
1770236772151,3072.89,948.80,103677952,50380800,41509624,39.59,3156614
1770236772252,3073.11,948.89,103677952,50380800,41511608,39.59,3156614
1770236772354,3073.40,949.04,103677952,50380800,41513592,39.59,3156614
1770236772454,3078.91,951.34,103677952,50380800,41758216,39.82,3166148
1770236772556,3079.21,951.49,103677952,50380800,41760200,39.83,3166148
1770236772656,3082.56,953.79,103677952,50380800,42004792,40.06,3175682
1770236772757,3082.86,953.91,103677952,50380800,42006792,40.06,3175682
1770236772857,3083.15,954.05,103677952,50380800,42008776,40.06,3175682
1770236772959,3086.60,956.39,104087552,50380800,42429904,40.46,3185216
1770236773060,3086.89,956.53,104087552,50380800,42431888,40.47,3185216
1770236773161,3098.60,958.72,104333312,50380800,42688072,40.71,3194750
1770236773261,3098.85,958.82,104333312,50380800,42690080,40.71,3194750
1770236773363,3099.07,958.97,104349696,50380800,42692064,40.71,3194750
1770236773464,3101.64,960.91,104579072,50380800,42934040,40.95,3204284
1770236773564,3101.91,961.04,104579072,50380800,42936048,40.95,3204284
1770236773666,3105.32,963.41,104808448,50380800,43178040,41.18,3213818
1770236773766,3105.59,963.53,104808448,50380800,43180048,41.18,3213818
1770236773868,3105.89,963.68,104808448,50380800,43182032,41.18,3213818
1770236773969,3110.32,966.03,105054208,50380800,43423992,41.41,3223352
1770236774070,3110.57,966.15,105054208,50380800,43426000,41.41,3223352
1770236774171,3114.00,968.60,105283584,50380800,43668040,41.65,3232886
1770236774272,3114.31,968.71,105283584,50380800,43670552,41.65,3232886
1770236774373,3114.60,968.88,105299968,50380800,43672536,41.65,3232886
1770236774475,3117.42,971.25,105529344,50380800,43914736,41.88,3242420
1770236774576,3117.70,971.39,105529344,50380800,43916744,41.88,3242420
1770236774677,3125.85,974.20,105758720,50380800,44160520,42.11,3251954
1770236774777,3126.09,974.29,105758720,50380800,44162528,42.12,3251954
1770236774878,3126.38,974.44,105758720,50380800,44164512,42.12,3251954
1770236774979,3134.76,977.60,106381312,51691520,41383384,39.47,3119820
1770236775080,3135.05,977.74,106381312,51691520,41385368,39.47,3119820
1770236775180,3138.08,979.96,106381312,51691520,41626968,39.70,3129354
1770236775280,3138.36,980.09,106381312,51691520,41628952,39.70,3129354
1770236775380,3138.67,980.23,106381312,51691520,41630936,39.70,3129354
1770236775482,3141.58,982.51,106381312,51691520,41872608,39.93,3138888
1770236775583,3141.78,982.59,106381312,51691520,41874592,39.93,3138888
1770236775684,3144.86,984.97,106381312,51691520,42116256,40.17,3148422
1770236775785,3145.14,985.10,106381312,51691520,42118240,40.17,3148422
1770236775885,3145.44,985.25,106381312,51691520,42120224,40.17,3148422
1770236775985,3148.38,987.42,106381312,51691520,42361904,40.40,3157956
1770236776087,3148.67,987.56,106381312,51691520,42363888,40.40,3157956
1770236776187,3151.76,989.72,106381312,51691520,42605560,40.63,3167490
1770236776289,3152.04,989.84,106381312,51691520,42607544,40.63,3167490
1770236776390,3152.33,989.97,106381312,51691520,42609528,40.64,3167490
1770236776492,3155.53,992.21,106381312,51691520,42851200,40.87,3177024
1770236776593,3155.82,992.37,106397696,51691520,42853184,40.87,3177024
1770236776695,3159.01,994.54,106397696,51691520,43094912,41.10,3186558
1770236776796,3159.30,994.67,106397696,51691520,43096920,41.10,3186558
1770236776896,3159.58,994.81,106397696,51691520,43098904,41.10,3186558
1770236776998,3162.68,996.87,106397696,51691520,43340712,41.33,3196092
1770236777098,3162.96,997.01,106397696,51691520,43342720,41.33,3196092
1770236777200,3166.07,999.21,106397696,51691520,43584432,41.57,3205626
1770236777301,3166.35,999.34,106397696,51691520,43586440,41.57,3205626
1770236777402,3166.66,999.48,106397696,51691520,43588424,41.57,3205626
1770236777502,3170.02,1001.74,106397696,51691520,43830056,41.80,3215160
1770236777602,3170.28,1001.82,106397696,51691520,43832064,41.80,3215160
1770236777703,3176.78,1003.98,106397696,51691520,44074128,42.03,3224694
1770236777804,3177.06,1004.10,106397696,51691520,44076136,42.03,3224694
1770236777905,3177.35,1004.26,106397696,51691520,44078120,42.04,3224694
1770236778007,3185.26,1006.96,106872832,51691520,41679240,39.75,3234228
1770236778109,3185.53,1007.11,106872832,51691520,41681248,39.75,3234228
1770236778210,3199.41,1009.40,106872832,51953664,42152648,40.20,3128012
1770236778310,3199.65,1009.49,106872832,51953664,42154632,40.20,3128012
1770236778410,3199.85,1009.60,106872832,51953664,42156616,40.20,3128012
1770236778512,3202.10,1011.53,106889216,51953664,42392352,40.43,3137546
1770236778612,3202.46,1011.69,106889216,51953664,42394336,40.43,3137546
1770236778713,3204.95,1013.94,106889216,51953664,42630144,40.66,3147080
1770236778814,3205.20,1014.04,106889216,51953664,42632128,40.66,3147080
1770236778916,3205.47,1014.17,106889216,51953664,42634112,40.66,3147080
1770236779016,3208.20,1016.28,106889216,51953664,42869872,40.88,3156614
1770236779117,3208.44,1016.39,106889216,51953664,42871856,40.89,3156614
1770236779218,3211.27,1018.47,106889216,51953664,43107616,41.11,3166148
1770236779319,3211.56,1018.62,106889216,51953664,43109600,41.11,3166148
1770236779419,3211.84,1018.79,106889216,51953664,43111584,41.11,3166148
1770236779520,3215.09,1021.23,106889216,51953664,43347296,41.34,3175682
1770236779621,3215.34,1021.34,106889216,51953664,43349280,41.34,3175682
1770236779721,3218.21,1023.39,106905600,51953664,43585144,41.57,3185216
1770236779823,3218.46,1023.50,106905600,51953664,43587128,41.57,3185216
1770236779923,3218.76,1023.63,106905600,51953664,43589112,41.57,3185216
1770236780024,3221.69,1025.91,106905600,51953664,43824928,41.79,3194750
1770236780125,3221.97,1026.06,106905600,51953664,43826912,41.80,3194750
1770236780226,3224.85,1028.11,106905600,51953664,44062720,42.02,3204284
1770236780326,3225.14,1028.24,106905600,51953664,44064704,42.02,3204284
1770236780428,3225.41,1028.37,106905600,51953664,44066688,42.03,3204284
1770236780529,3228.25,1030.43,106905600,51953664,44302432,42.25,3213818
1770236780630,3228.39,1030.48,106905600,51953664,44304416,42.25,3213818
1770236780730,3231.67,1032.97,106921984,51953664,44540200,42.48,3223352
1770236780832,3231.79,1033.04,106921984,51953664,44542184,42.48,3223352
1770236780933,3231.92,1033.10,106921984,51953664,44544168,42.48,3223352
1770236781034,3235.49,1035.33,107331584,52215808,42236872,40.28,3232886
1770236781134,3235.67,1035.43,107331584,52215808,42238856,40.28,3232886
1770236781236,3238.49,1037.62,107331584,52215808,42474632,40.51,3128012
1770236781337,3238.71,1037.71,107331584,52215808,42476616,40.51,3128012
1770236781437,3239.00,1037.87,107331584,52215808,42478600,40.51,3128012
1770236781539,3241.94,1039.92,107331584,52215808,42714432,40.74,3137546
1770236781640,3242.12,1040.01,107331584,52215808,42716416,40.74,3137546
1770236781740,3244.50,1042.13,107331584,52215808,42952176,40.96,3147080
1770236781841,3244.69,1042.20,107331584,52215808,42954160,40.96,3147080
1770236781943,3244.96,1042.32,107331584,52215808,42956144,40.97,3147080
1770236782043,3247.60,1044.43,107331584,52215808,43191880,41.19,3156614
1770236782145,3247.86,1044.57,107331584,52215808,43193864,41.19,3156614
1770236782246,3251.15,1046.76,107347968,52215808,43429632,41.42,3166148
1770236782347,3251.43,1046.91,107347968,52215808,43431616,41.42,3166148
1770236782448,3251.73,1047.07,107347968,52215808,43433600,41.42,3166148
1770236782549,3254.42,1049.35,107347968,52215808,43669320,41.65,3175682
1770236782648,3254.70,1049.51,107347968,52215808,43671304,41.65,3175682
1770236782750,3257.60,1051.74,107347968,52215808,43907104,41.87,3185216
1770236782851,3257.88,1051.90,107347968,52215808,43909088,41.87,3185216
1770236782953,3258.17,1052.06,107347968,52215808,43911072,41.88,3185216
1770236783054,3261.45,1054.53,107347968,52215808,44146832,42.10,3194750
1770236783154,3261.75,1054.69,107347968,52215808,44148816,42.10,3194750
1770236783255,3265.05,1056.98,107347968,52215808,44384568,42.33,3204284
1770236783356,3265.31,1057.12,107347968,52215808,44386552,42.33,3204284
1770236783459,3267.13,1058.45,107347968,52215808,44506008,42.44,3213149
1770236783561,3268.18,1059.30,107347968,52215808,44624280,42.56,3213818
1770236783662,3268.47,1059.43,107347968,52215808,44626264,42.56,3213818
1770236783763,3271.82,1061.94,107364352,52215808,44862056,42.78,3223352
1770236783865,3272.07,1062.07,107364352,52215808,44864040,42.79,3223352
