Pattern,Approach,Windows,First_Window_Result,Avg_Latency_ms,Min_Latency_ms,Max_Latency_ms,Accuracy_vs_Fetching,Avg_CPU_User,Avg_CPU_System,Avg_Memory_MB,Peak_Memory_MB
step_pattern,fetching,9,,N/A,N/A,N/A,0.00% (baseline),1639.66,588.50,102735210.95,150503424.00
step_pattern,approximation,1,-23,N/A,N/A,N/A,N/A,N/A,N/A,N/A,N/A
step_pattern,chunked,1,-23,N/A,N/A,N/A,N/A,2021.88,582.42,146965611.08,177291264.00
spike_pattern,fetching,9,,N/A,N/A,N/A,0.00% (baseline),1732.87,549.84,106461123.83,154353664.00
spike_pattern,approximation,1,-22.96234309623431,N/A,N/A,N/A,N/A,N/A,N/A,N/A,N/A
spike_pattern,chunked,1,-22.92468619246862,N/A,N/A,N/A,N/A,2005.84,594.71,146776039.05,177012736.00
low_freq_oscillation,fetching,9,,N/A,N/A,N/A,0.00% (baseline),1740.16,546.05,105513059.90,155484160.00
low_freq_oscillation,approximation,1,-22.464481350840337,N/A,N/A,N/A,N/A,N/A,N/A,N/A,N/A
low_freq_oscillation,chunked,1,-22.99835859832636,N/A,N/A,N/A,N/A,1873.16,561.49,148483047.02,179830784.00
